url,target_keyword,target_class,keyword_class,tracked_in_151,notes
https://alanranger.com/,alan ranger photography,tracked,brand,Y,homepage clean keep
https://alanranger.com/academy/login,,none_utility,,N,utility/legal — no TradSEO target
https://alanranger.com/academy/upgrade,upgrade,longtail_by_design,,N,backfilled P4 2026-07-19
https://alanranger.com/batsford-arboretum-photography,batsford arboretum photography,longtail_by_design,,N,page-specific long-tail
https://alanranger.com/beginners-photography-classes,beginning photography lessons,tracked,local-money,Y,Ruling 1 Option 1 (Alan 2026-07-19) — conversion page fed internally by hub/free-course/blog; broad beginners terms accepted onto hub + free course
https://alanranger.com/beginners-portrait-photography-course,portrait photography course,tracked,local-money,Y,Alan-ruled 2026-07-19
https://alanranger.com/blog-on-photography//product-photography-warwickshire,product photography warwickshire,longtail_by_design,,N,backfilled P4 2026-07-19
https://alanranger.com/blog-on-photography/7-most-common-camera-exposure-mistakes,7 Most common camera exposure mistakes,longtail_by_design,,N,backfilled P4 2026-07-19
https://alanranger.com/blog-on-photography/airbnb-photography-guide,airbnb photography guide,longtail_by_design,,N,backfilled P4 2026-07-19
https://alanranger.com/blog-on-photography/autumn-arboretum-photography-uk-guide,autumn arboretum photography,longtail_by_design,,N,backfilled P4 2026-07-19
https://alanranger.com/blog-on-photography/best-free-online-photography-courses,best free online photography courses,longtail_by_design,,N,backfilled P4 2026-07-19
https://alanranger.com/blog-on-photography/best-way-to-learn-photography-2026,best way to learn photography,longtail_by_design,,N,backfilled P4 2026-07-19
https://alanranger.com/blog-on-photography/bird-photography-guide,bird photography guide,longtail_by_design,,N,backfilled P4 2026-07-19
https://alanranger.com/blog-on-photography/black-and-white-when-to-convert,convert to black and white,longtail_by_design,,N,backfilled P4 2026-07-19
https://alanranger.com/blog-on-photography/building-rps-panel-case-study,Building a Successful RPS Panel,longtail_by_design,,N,backfilled P4 2026-07-19
https://alanranger.com/blog-on-photography/corporate-headshot-photography,corporate headshot photography,longtail_by_design,,N,backfilled P4 2026-07-19
https://alanranger.com/blog-on-photography/corporate-photography-training-coventry,corporate photography training,longtail_by_design,national-money,Y,backfilled P4 2026-07-19; not LOCKED target_page — P4 rule tightened
https://alanranger.com/blog-on-photography/diy-product-photography,diy product photography,longtail_by_design,,N,backfilled P4 2026-07-19
https://alanranger.com/blog-on-photography/etsy-product-photography-rules,etsy product photography,longtail_by_design,,N,backfilled P4 2026-07-19
https://alanranger.com/blog-on-photography/food-photography-at-home,food photography,longtail_by_design,local-money,Y,backfilled P4 2026-07-19; not LOCKED target_page — P4 rule tightened
https://alanranger.com/blog-on-photography/food-photography-tips,food photography,longtail_by_design,local-money,Y,backfilled P4 2026-07-19; not LOCKED target_page — P4 rule tightened
https://alanranger.com/blog-on-photography/garden-wildlife-photography-uk-guide,garden wildlife photography,longtail_by_design,,N,backfilled P4 2026-07-19
https://alanranger.com/blog-on-photography/headshots-at-home-guide,headshots at home,longtail_by_design,,N,backfilled P4 2026-07-19
https://alanranger.com/blog-on-photography/how-photography-and-data-analysis-work,photography and data analysis work,longtail_by_design,,N,backfilled P4 2026-07-19
https://alanranger.com/blog-on-photography/how-to-photograph-artwork,how to photograph artwork,longtail_by_design,,N,backfilled P4 2026-07-19
https://alanranger.com/blog-on-photography/how-to-photograph-fireworks,how to photograph fireworks,longtail_by_design,,N,backfilled P4 2026-07-19
https://alanranger.com/blog-on-photography/how-to-photograph-jewelry,how to photograph jewelry,longtail_by_design,,N,backfilled P4 2026-07-19
https://alanranger.com/blog-on-photography/how-to-photograph-northern-lights,photograph northern lights,longtail_by_design,,N,backfilled P4 2026-07-19
https://alanranger.com/blog-on-photography/how-to-plan-an-arps-panel,arps panel,longtail_by_design,,N,backfilled P4 2026-07-19
https://alanranger.com/blog-on-photography/how-to-plan-an-lrps-panel,lrps panel,longtail_by_design,,N,backfilled P4 2026-07-19
https://alanranger.com/blog-on-photography/how-to-take-product-photos-with-iphone,how to take product photos with iphone,longtail_by_design,,N,backfilled P4 2026-07-19
https://alanranger.com/blog-on-photography/how-to-take-real-estate-photos,how to take real estate photos,longtail_by_design,,N,backfilled P4 2026-07-19
https://alanranger.com/blog-on-photography/landscape-photography-vision-framework,landscape photography vision,longtail_by_design,,N,backfilled P4 2026-07-19
https://alanranger.com/blog-on-photography/learn-photography-online,learn photography online,longtail_by_design,,N,backfilled P4 2026-07-19
https://alanranger.com/blog-on-photography/long-exposure-seascapes-guide,long exposure seascapes,longtail_by_design,,N,backfilled P4 2026-07-19
https://alanranger.com/blog-on-photography/macro-photography-beginners,macro photography,longtail_by_design,,N,backfilled P4 2026-07-19
https://alanranger.com/blog-on-photography/natural-light-photography-tips,natural light photography,longtail_by_design,,N,backfilled P4 2026-07-19
https://alanranger.com/blog-on-photography/night-photography-settings,night photography settings,longtail_by_design,,N,backfilled P4 2026-07-19
https://alanranger.com/blog-on-photography/patricia-pearl-lrps-rps-distinctions-panel,rps distinctions panel,longtail_by_design,,N,backfilled P4 2026-07-19
https://alanranger.com/blog-on-photography/pet-dog-photography-uk-guide,dog photography,longtail_by_design,,N,backfilled P4 2026-07-19
https://alanranger.com/blog-on-photography/photography-gift-vouchers-ideas,photography gift vouchers ideas,longtail_by_design,,N,backfilled P4 2026-07-19
https://alanranger.com/blog-on-photography/portrait-lighting-techniques,portrait lighting techniques,longtail_by_design,,N,backfilled P4 2026-07-19
https://alanranger.com/blog-on-photography/portrait-photography-tips,portrait photography tips,longtail_by_design,,N,backfilled P4 2026-07-19
https://alanranger.com/blog-on-photography/product-photography-ideas,product photography ideas,longtail_by_design,,N,backfilled P4 2026-07-19
https://alanranger.com/blog-on-photography/product-photography-lighting,product photography lighting,longtail_by_design,,N,backfilled P4 2026-07-19
https://alanranger.com/blog-on-photography/product-photography-warwickshire,product photography Warwickshire,longtail_by_design,,N,backfilled P4 2026-07-19
https://alanranger.com/blog-on-photography/professional-headshots-for-linkedin,Professional Headshots for LinkedIn,longtail_by_design,,N,backfilled P4 2026-07-19
https://alanranger.com/blog-on-photography/real-estate-photography-tips,real estate photography tips,longtail_by_design,,N,backfilled P4 2026-07-19
https://alanranger.com/blog-on-photography/richard-johnson-lrps-rps-distinctions-panel,rps distinctions,longtail_by_design,national-money,Y,backfilled P4 2026-07-19; not LOCKED target_page — P4 rule tightened
https://alanranger.com/blog-on-photography/transfer-photos-iphone-to-windows,transfer photos iphone,longtail_by_design,,N,backfilled P4 2026-07-19
https://alanranger.com/blog-on-photography/travel-photography-beginners-guide,travel photography,longtail_by_design,,N,backfilled P4 2026-07-19
https://alanranger.com/blog-on-photography/uk-architectural-exterior-photography,architectural exterior photography,longtail_by_design,,N,backfilled P4 2026-07-19
https://alanranger.com/blog-on-photography/uk-bluebell-photography-guide,bluebell photography guide,longtail_by_design,,N,backfilled P4 2026-07-19
https://alanranger.com/blog-on-photography/uk-photography-editing-workflow-guide,photography editing workflow guide,longtail_by_design,,N,backfilled P4 2026-07-19
https://alanranger.com/blog-on-photography/uk-sports-action-photography-guide,sports action photography guide,longtail_by_design,,N,backfilled P4 2026-07-19
https://alanranger.com/blog-on-photography/uk-street-photography-ethics-guide,street photography,longtail_by_design,,N,backfilled P4 2026-07-19
https://alanranger.com/blog-on-photography/uk-waterfall-photography-guide,waterfall photography,longtail_by_design,,N,backfilled P4 2026-07-19
https://alanranger.com/blog-on-photography/uk-woodland-photography-year-round-guide,woodland photography,longtail_by_design,,N,backfilled P4 2026-07-19
https://alanranger.com/bluebell-woods-near-me,bluebell woods near me,longtail_by_design,,N,page-specific long-tail
https://alanranger.com/contact-us-alan-ranger-photography,,none_utility,,N,utility/legal — no TradSEO target
https://alanranger.com/copyright-policy-alan-ranger,,none_utility,,N,utility/legal — no TradSEO target
https://alanranger.com/corporate-photography-training,corporate photography training,tracked,national-money,Y,clean keep
https://alanranger.com/course-finder-photography-classes-near-me,,none_utility,,N,navigation utility — photography classes near me remains solely /photography-courses-coventry
https://alanranger.com/data-privacy-policy,,none_utility,,N,utility/legal — no TradSEO target
https://alanranger.com/free-online-photography-course,free online photography course,tracked,national-money,Y,clean keep
https://alanranger.com/hire-a-professional-photographer-in-coventry,hire a professional photographer coventry,tracked,local-money,Y,clean keep
https://alanranger.com/jaguar-land-rover-els,Jaguar Land Rover,longtail_by_design,,N,page-specific long-tail
https://alanranger.com/landscape-photography-workshops,landscape photography workshop,tracked,national-money,Y,clean keep
https://alanranger.com/my-ethical-policy,,none_utility,,N,utility/legal — no TradSEO target
https://alanranger.com/photo-editing-course-coventry,lightroom editing course,tracked,local-money,Y,clean keep
https://alanranger.com/photographic-workshops-near-me/christmas-photography-walk-warwickshire,christmas photography,longtail_by_design,,N,backfilled P4 2026-07-19
https://alanranger.com/photographic-workshops-near-me/leamington-spa-night-shoot,christmas Photography,longtail_by_design,,N,backfilled P4 2026-07-19
https://alanranger.com/photography-courses-coventry,photography courses coventry,tracked,local-money,Y,clean keep
https://alanranger.com/photography-gift-vouchers,photography gift voucher,tracked,national-money,Y,clean keep
https://alanranger.com/photography-lessons-online-121,photography lessons online,tracked,national-money,Y,clean keep
https://alanranger.com/photography-masterclasses-online,photography masterclasses,tracked,local-money,Y,backfilled P4 2026-07-19
https://alanranger.com/photography-mentoring-online-assignments,photography mentoring,tracked,national-money,Y,Pair-B Option A — generic mentor terms belong here (Alan 2026-07-19)
https://alanranger.com/photography-payment-plan,,none_utility,,N,utility/legal — no TradSEO target
https://alanranger.com/photography-special-offers,Photography Special Offers,longtail_by_design,,N,page-specific long-tail
https://alanranger.com/photography-tuition-services,,longtail_by_design,,N,CANNIBAL-CANDIDATE: consolidate/301 decision pending Alan — intent owned by /private-photography-lessons; cannibal resolved 2026-07-19 — router page; do not target tuition money terms
https://alanranger.com/photography-workshops,photography workshops,tracked,national-money,Y,clean keep
https://alanranger.com/photography-workshops-near-me,residential photography workshops,tracked,national-money,Y,primary target per Alan 2026-07-19; holidays-uk remains tracked secondary
https://alanranger.com/private-photography-lessons,photography tutor,tracked,local-money,Y,Option C ruling — hub keeps tuition terms; this page attacks the unclaimed tutor term (Alan 2026-07-19)
https://alanranger.com/professional-commercial-photographer-coventry,commercial photographer,tracked,local-money,Y,clean keep
https://alanranger.com/professional-photographer-near-me,Professional Headshots,tracked,local-money,Y,clean keep
https://alanranger.com/property-photographer-coventry,property photographer coventry,longtail_by_design,,N,near-miss vs LOCKED property photographer — keep page-specific; P4 hygiene 2026-07-19: longtail_by_design — keyword not in LOCKED-151; review with portrait photography course + residential photography workshops at next keyword-set review
https://alanranger.com/rps-courses-mentoring-distinctions,rps courses,tracked,national-money,Y,Pair-B Option A — rps-family only (Alan 2026-07-19)
https://alanranger.com/schedule-an-appointment,,none_utility,,N,utility/legal — no TradSEO target
https://alanranger.com/terms-and-conditions,,none_utility,,N,utility/legal — no TradSEO target
https://alanranger.com/website-cookie-policy,,none_utility,,N,utility/legal — no TradSEO target
https://alanranger.com/website-terms-and-conditions,,none_utility,,N,utility/legal — no TradSEO target
https://www.alanranger.com/about-alan-ranger,alan ranger,legacy_unreviewed,brand,Y,migrated from CSV07 2026-07-18; pending curation
https://www.alanranger.com/academy/trial-expired,photography academy,legacy_unreviewed,,N,migrated from CSV07 2026-07-18; pending curation
https://www.alanranger.com/awards-and-qualifications,Qualifications,legacy_unreviewed,,N,migrated from CSV07 2026-07-18; pending curation
https://www.alanranger.com/beginners-photography-lessons,Beginners Photography Lessons,legacy_unreviewed,,N,migrated from CSV07 2026-07-18; pending curation
https://www.alanranger.com/beginners-photography-lessons/camera-courses-for-beginners-coventry-,Camera Courses For Beginners,legacy_unreviewed,local-money,Y,migrated from CSV07 2026-07-18; pending curation
https://www.alanranger.com/beginners-photography-lessons/camera-courses-for-beginners-coventry-2k99k,Camera Courses For Beginners,legacy_unreviewed,local-money,Y,migrated from CSV07 2026-07-18; pending curation
https://www.alanranger.com/beginners-photography-lessons/camera-courses-for-beginners-coventry-2n74k,Camera Courses,legacy_unreviewed,,N,migrated from CSV07 2026-07-18; pending curation
https://www.alanranger.com/beginners-photography-lessons/camera-courses-for-beginners-coventry-2sj27,Camera Courses For Beginners,legacy_unreviewed,local-money,Y,migrated from CSV07 2026-07-18; pending curation
https://www.alanranger.com/beginners-photography-lessons/camera-courses-for-beginners-coventry-3yj3h,Camera Courses,legacy_unreviewed,,N,migrated from CSV07 2026-07-18; pending curation
https://www.alanranger.com/beginners-photography-lessons/camera-courses-for-beginners-coventry-4pp2p,Camera Courses,legacy_unreviewed,,N,migrated from CSV07 2026-07-18; pending curation
https://www.alanranger.com/beginners-photography-lessons/camera-courses-for-beginners-coventry-7breh,Camera Courses For Beginners,legacy_unreviewed,local-money,Y,migrated from CSV07 2026-07-18; pending curation
https://www.alanranger.com/beginners-photography-lessons/camera-courses-for-beginners-coventry-8ar5x,Camera Courses,legacy_unreviewed,,N,migrated from CSV07 2026-07-18; pending curation
https://www.alanranger.com/beginners-photography-lessons/camera-courses-for-beginners-coventry-8s2ka,Camera Courses,legacy_unreviewed,,N,migrated from CSV07 2026-07-18; pending curation
https://www.alanranger.com/beginners-photography-lessons/camera-courses-for-beginners-coventry-bds4t,Camera Courses For Beginners,legacy_unreviewed,local-money,Y,migrated from CSV07 2026-07-18; pending curation
https://www.alanranger.com/beginners-photography-lessons/camera-courses-for-beginners-coventry-be4sb,Camera Courses For Beginners,legacy_unreviewed,local-money,Y,migrated from CSV07 2026-07-18; pending curation
https://www.alanranger.com/beginners-photography-lessons/camera-courses-for-beginners-coventry-dfe,Camera Courses For Beginners,legacy_unreviewed,local-money,Y,migrated from CSV07 2026-07-18; pending curation
https://www.alanranger.com/beginners-photography-lessons/camera-courses-for-beginners-coventry-dg9pz,Camera Courses,legacy_unreviewed,,N,migrated from CSV07 2026-07-18; pending curation
https://www.alanranger.com/beginners-photography-lessons/camera-courses-for-beginners-coventry-dhecf,Camera Courses,legacy_unreviewed,,N,migrated from CSV07 2026-07-18; pending curation
https://www.alanranger.com/beginners-photography-lessons/camera-courses-for-beginners-coventry-hl4tm,Camera Courses For Beginners,legacy_unreviewed,local-money,Y,migrated from CSV07 2026-07-18; pending curation
https://www.alanranger.com/beginners-photography-lessons/camera-courses-for-beginners-coventry-hnp3g,Camera Courses For Beginners,legacy_unreviewed,local-money,Y,migrated from CSV07 2026-07-18; pending curation
https://www.alanranger.com/beginners-photography-lessons/camera-courses-for-beginners-coventry-mw83l,Camera Courses For Beginners,legacy_unreviewed,local-money,Y,migrated from CSV07 2026-07-18; pending curation
https://www.alanranger.com/beginners-photography-lessons/camera-courses-for-beginners-coventry-nhjlm,Camera Courses,legacy_unreviewed,,N,migrated from CSV07 2026-07-18; pending curation
https://www.alanranger.com/beginners-photography-lessons/camera-courses-for-beginners-coventry-nzwzx,Camera Courses,legacy_unreviewed,,N,migrated from CSV07 2026-07-18; pending curation
https://www.alanranger.com/beginners-photography-lessons/camera-courses-for-beginners-coventry-oct1,Camera Courses,legacy_unreviewed,,N,migrated from CSV07 2026-07-18; pending curation
https://www.alanranger.com/beginners-photography-lessons/camera-courses-for-beginners-coventry-oct2,Camera Courses,legacy_unreviewed,,N,migrated from CSV07 2026-07-18; pending curation
https://www.alanranger.com/beginners-photography-lessons/camera-courses-for-beginners-coventry-oct3,Camera Courses,legacy_unreviewed,,N,migrated from CSV07 2026-07-18; pending curation
https://www.alanranger.com/beginners-photography-lessons/camera-courses-for-beginners-coventry-s2klg,Camera Courses,legacy_unreviewed,,N,migrated from CSV07 2026-07-18; pending curation
https://www.alanranger.com/beginners-photography-lessons/camera-courses-for-beginners-coventry-w5nkt,Camera Courses,legacy_unreviewed,,N,migrated from CSV07 2026-07-18; pending curation
https://www.alanranger.com/beginners-photography-lessons/camera-courses-for-beginners-coventry-wc34j,Camera Courses,legacy_unreviewed,,N,migrated from CSV07 2026-07-18; pending curation
https://www.alanranger.com/beginners-photography-lessons/camera-courses-for-beginners-coventry-wk1,Camera Courses For Beginners,legacy_unreviewed,local-money,Y,migrated from CSV07 2026-07-18; pending curation
https://www.alanranger.com/beginners-photography-lessons/camera-courses-for-beginners-coventry-zbcfe,Camera Courses,legacy_unreviewed,,N,migrated from CSV07 2026-07-18; pending curation
https://www.alanranger.com/beginners-photography-lessons/camera-courses-for-beginners-week-1,Camera Courses For Beginners,legacy_unreviewed,local-money,Y,migrated from CSV07 2026-07-18; pending curation
https://www.alanranger.com/beginners-photography-lessons/camera-courses-for-beginners-week-3,Camera Courses For Beginners,legacy_unreviewed,local-money,Y,migrated from CSV07 2026-07-18; pending curation
https://www.alanranger.com/beginners-photography-lessons/camera-courses-for-beginners-wk2,Camera Courses For Beginners,legacy_unreviewed,local-money,Y,migrated from CSV07 2026-07-18; pending curation
https://www.alanranger.com/beginners-photography-lessons/lightroom-photo-editing-classes-wk1,Photo Editing Classes,legacy_unreviewed,local-money,Y,migrated from CSV07 2026-07-18; pending curation
https://www.alanranger.com/beginners-photography-lessons/lightroom-photo-editing-classes-wk1-kdh5k,Photo Editing Classes,legacy_unreviewed,local-money,Y,migrated from CSV07 2026-07-18; pending curation
https://www.alanranger.com/beginners-photography-lessons/lightroom-photo-editing-classes-wk1-rrkhn,Photo Editing Classes,legacy_unreviewed,local-money,Y,migrated from CSV07 2026-07-18; pending curation
https://www.alanranger.com/beginners-photography-lessons/lightroom-photo-editing-classes-wk1-xx94r,Photo Editing Classes,legacy_unreviewed,local-money,Y,migrated from CSV07 2026-07-18; pending curation
https://www.alanranger.com/beginners-photography-lessons/lightroom-photo-editing-classes-wk2,Photo Editing Classes,legacy_unreviewed,local-money,Y,migrated from CSV07 2026-07-18; pending curation
https://www.alanranger.com/beginners-photography-lessons/lightroom-photo-editing-classes-wk2-55f3d,Photo Editing Classes,legacy_unreviewed,local-money,Y,migrated from CSV07 2026-07-18; pending curation
https://www.alanranger.com/beginners-photography-lessons/lightroom-photo-editing-classes-wk2-n8l4l,Photo Editing Classes,legacy_unreviewed,local-money,Y,migrated from CSV07 2026-07-18; pending curation
https://www.alanranger.com/beginners-photography-lessons/lightroom-photo-editing-classes-wk2-y3262,Photo Editing Classes,legacy_unreviewed,local-money,Y,migrated from CSV07 2026-07-18; pending curation
https://www.alanranger.com/beginners-photography-lessons/lightroom-photo-editing-classes-wk3,Photo Editing Classes,legacy_unreviewed,local-money,Y,migrated from CSV07 2026-07-18; pending curation
https://www.alanranger.com/beginners-photography-lessons/lightroom-photo-editing-classes-wk3-42ynf,Photo Editing Classes,legacy_unreviewed,local-money,Y,migrated from CSV07 2026-07-18; pending curation
https://www.alanranger.com/beginners-photography-lessons/lightroom-photo-editing-classes-wk3-7cd64,Photo Editing Classes,legacy_unreviewed,local-money,Y,migrated from CSV07 2026-07-18; pending curation
https://www.alanranger.com/beginners-photography-lessons/lightroom-photo-editing-classes-wk3-9b3t3,Photo Editing Classes,legacy_unreviewed,local-money,Y,migrated from CSV07 2026-07-18; pending curation
https://www.alanranger.com/beginners-photography-lessons/rps-courses-rps-distinctions-mentoring-1,RPS Courses,legacy_unreviewed,national-money,Y,migrated from CSV07 2026-07-18; pending curation
https://www.alanranger.com/beginners-photography-lessons/rps-courses-rps-distinctions-mentoring-2,RPS Courses,legacy_unreviewed,national-money,Y,migrated from CSV07 2026-07-18; pending curation
https://www.alanranger.com/beginners-photography-lessons/rps-courses-rps-distinctions-mentoring-3,RPS Courses,legacy_unreviewed,national-money,Y,migrated from CSV07 2026-07-18; pending curation
https://www.alanranger.com/beginners-photography-lessons/rps-courses-rps-distinctions-mentoring-4,RPS Courses,legacy_unreviewed,national-money,Y,migrated from CSV07 2026-07-18; pending curation
https://www.alanranger.com/beginners-photography-lessons/rps-courses-rps-distinctions-mentoring-5,RPS Courses,legacy_unreviewed,national-money,Y,migrated from CSV07 2026-07-18; pending curation
https://www.alanranger.com/beginners-photography-lessons/rps-courses-rps-distinctions-mentoring-6,RPS Courses,legacy_unreviewed,national-money,Y,migrated from CSV07 2026-07-18; pending curation
https://www.alanranger.com/blog-on-photography,Blog On Photography,legacy_unreviewed,,N,migrated from CSV07 2026-07-18; pending curation
https://www.alanranger.com/blog-on-photography/10-basic-camera-settings-for-camera,Basic Camera Settings,legacy_unreviewed,,N,migrated from CSV07 2026-07-18; pending curation
https://www.alanranger.com/blog-on-photography/15-principles-to-improve-composition,15 Principles to improve Composition,legacy_unreviewed,,N,migrated from CSV07 2026-07-18; pending curation
https://www.alanranger.com/blog-on-photography/5-reasons-to-use-a-tripod,tripod,legacy_unreviewed,,N,migrated from CSV07 2026-07-18; pending curation
https://www.alanranger.com/blog-on-photography/5-stages-to-improve-your-photography,Improve Your Photography,legacy_unreviewed,,N,migrated from CSV07 2026-07-18; pending curation
https://www.alanranger.com/blog-on-photography/7-essential-camera-accessories,Camera Accessories,legacy_unreviewed,,N,migrated from CSV07 2026-07-18; pending curation
https://www.alanranger.com/blog-on-photography/a-christmas-day-memory-crisis,crisis,legacy_unreviewed,,N,migrated from CSV07 2026-07-18; pending curation
https://www.alanranger.com/blog-on-photography/abstract-photography-1,Abstract photography,legacy_unreviewed,,N,migrated from CSV07 2026-07-18; pending curation
https://www.alanranger.com/blog-on-photography/abstract-photography-practice-assignment-free-lesson,Abstract Photography,legacy_unreviewed,,N,migrated from CSV07 2026-07-18; pending curation
https://www.alanranger.com/blog-on-photography/advanced-editing-with-nik-collection,NIK Collection,legacy_unreviewed,,N,migrated from CSV07 2026-07-18; pending curation
https://www.alanranger.com/blog-on-photography/alistair-willis-rps-distinctions,RPS Distinctions,legacy_unreviewed,national-money,Y,migrated from CSV07 2026-07-18; pending curation
https://www.alanranger.com/blog-on-photography/alternative-long-exposure-photography-techniques,long exposure photography,legacy_unreviewed,,N,migrated from CSV07 2026-07-18; pending curation
https://www.alanranger.com/blog-on-photography/aperture-and-depth-of-field-assignment,Aperture and Depth of Field,legacy_unreviewed,,N,migrated from CSV07 2026-07-18; pending curation
https://www.alanranger.com/blog-on-photography/aperture-field-checklist,Aperture Field Checklist,legacy_unreviewed,,N,migrated from CSV07 2026-07-18; pending curation
https://www.alanranger.com/blog-on-photography/architecture-photography-guide,ARCHITECTURE Photography,legacy_unreviewed,,N,migrated from CSV07 2026-07-18; pending curation
https://www.alanranger.com/blog-on-photography/architecture-photography-guide-checklist,Architecture Photography Guide,legacy_unreviewed,,N,migrated from CSV07 2026-07-18; pending curation
https://www.alanranger.com/blog-on-photography/architecture-photography-practice-assignment,Architecture Photography,legacy_unreviewed,,N,migrated from CSV07 2026-07-18; pending curation
https://www.alanranger.com/blog-on-photography/are-camera-uv-filters-worth-it,UV Filters,legacy_unreviewed,,N,migrated from CSV07 2026-07-18; pending curation
https://www.alanranger.com/blog-on-photography/are-mirrorless-cameras-better-than-dslrs,Mirrorless Cameras,legacy_unreviewed,,N,migrated from CSV07 2026-07-18; pending curation
https://www.alanranger.com/blog-on-photography/art-of-macro-photography,macro photography,legacy_unreviewed,,N,migrated from CSV07 2026-07-18; pending curation
https://www.alanranger.com/blog-on-photography/autumn-photography-tips,Autumn Photography Tips,legacy_unreviewed,,N,migrated from CSV07 2026-07-18; pending curation
https://www.alanranger.com/blog-on-photography/avoid-camera-shake,Avoid Camera Shake,legacy_unreviewed,,N,migrated from CSV07 2026-07-18; pending curation
https://www.alanranger.com/blog-on-photography/basics-how-to-use-a-tripod,How to use a tripod,legacy_unreviewed,,N,migrated from CSV07 2026-07-18; pending curation
https://www.alanranger.com/blog-on-photography/become-a-better-photographer,become a better photographer,legacy_unreviewed,,N,migrated from CSV07 2026-07-18; pending curation
https://www.alanranger.com/blog-on-photography/become-a-photographer-on-campus,photographer on campus,legacy_unreviewed,,N,migrated from CSV07 2026-07-18; pending curation
https://www.alanranger.com/blog-on-photography/beginners-photography-course-in-coventry,Photography Course in Coventry,legacy_unreviewed,,N,migrated from CSV07 2026-07-18; pending curation
https://www.alanranger.com/blog-on-photography/best-camera-bags-for-different-trips,camera bags,legacy_unreviewed,,N,migrated from CSV07 2026-07-18; pending curation
https://www.alanranger.com/blog-on-photography/best-cameras-for-beginners,Best Cameras for Beginners,legacy_unreviewed,,N,migrated from CSV07 2026-07-18; pending curation
https://www.alanranger.com/blog-on-photography/best-product-photography-tripod,Product Photography Tripod,legacy_unreviewed,,N,migrated from CSV07 2026-07-18; pending curation
https://www.alanranger.com/blog-on-photography/best-tripod-for-landscape-photography,best tripod for landscape photography,legacy_unreviewed,,N,migrated from CSV07 2026-07-18; pending curation
https://www.alanranger.com/blog-on-photography/beyond-a-point-and-shoot-camera,Point and Shoot Camera,legacy_unreviewed,,N,migrated from CSV07 2026-07-18; pending curation
https://www.alanranger.com/blog-on-photography/black-and-white-photography-for-beginners,BLACK and WHITE Photography,legacy_unreviewed,,N,migrated from CSV07 2026-07-18; pending curation
https://www.alanranger.com/blog-on-photography/black-and-white-photography-guide,Black and White Photography Guide,legacy_unreviewed,,N,migrated from CSV07 2026-07-18; pending curation
https://www.alanranger.com/blog-on-photography/black-and-white-photography-practise-assignment,Black and White Photography,legacy_unreviewed,,N,migrated from CSV07 2026-07-18; pending curation
https://www.alanranger.com/blog-on-photography/camera-bag-review-of-manfrotto-backpack,Manfrotto Backpack,legacy_unreviewed,,N,migrated from CSV07 2026-07-18; pending curation
https://www.alanranger.com/blog-on-photography/camera-care-guide,Camera Care,legacy_unreviewed,,N,migrated from CSV07 2026-07-18; pending curation
https://www.alanranger.com/blog-on-photography/camera-drive-modes-checklist,Camera Drive Modes Checklist,legacy_unreviewed,,N,migrated from CSV07 2026-07-18; pending curation
https://www.alanranger.com/blog-on-photography/camera-dynamic-range,Camera Dynamic Range,legacy_unreviewed,,N,migrated from CSV07 2026-07-18; pending curation
https://www.alanranger.com/blog-on-photography/camera-exposure-checklist,Camera Exposure,legacy_unreviewed,,N,migrated from CSV07 2026-07-18; pending curation
https://www.alanranger.com/blog-on-photography/camera-focus-plane,Camera Focus Plane,legacy_unreviewed,,N,migrated from CSV07 2026-07-18; pending curation
https://www.alanranger.com/blog-on-photography/camera-lenses-hire-or-buy,Camera lenses,legacy_unreviewed,,N,migrated from CSV07 2026-07-18; pending curation
https://www.alanranger.com/blog-on-photography/camera-leveling-dont-be-wonky,camera leveling,legacy_unreviewed,,N,migrated from CSV07 2026-07-18; pending curation
https://www.alanranger.com/blog-on-photography/camera-manual-exposure-settings,Camera Manual Exposure Settings,legacy_unreviewed,,N,migrated from CSV07 2026-07-18; pending curation
https://www.alanranger.com/blog-on-photography/camera-metering-settings,Camera Metering Settings,legacy_unreviewed,,N,migrated from CSV07 2026-07-18; pending curation
https://www.alanranger.com/blog-on-photography/camera-sensor-cleaning-guide,Sensor Cleaning,legacy_unreviewed,,N,migrated from CSV07 2026-07-18; pending curation
https://www.alanranger.com/blog-on-photography/camera-shutter-speed-settings,Camera Shutter Speed Settings,legacy_unreviewed,,N,migrated from CSV07 2026-07-18; pending curation
https://www.alanranger.com/blog-on-photography/camera-white-balance-settings,Camera white Balance Settings,legacy_unreviewed,,N,migrated from CSV07 2026-07-18; pending curation
https://www.alanranger.com/blog-on-photography/case-barbara-voules-rps-distinctions,RPS Distinctions,legacy_unreviewed,national-money,Y,migrated from CSV07 2026-07-18; pending curation
https://www.alanranger.com/blog-on-photography/case-study-anne-watkinson-rps-distinctions,rps distinctions,legacy_unreviewed,national-money,Y,migrated from CSV07 2026-07-18; pending curation
https://www.alanranger.com/blog-on-photography/case-study-chris-shaw,case study,legacy_unreviewed,,N,migrated from CSV07 2026-07-18; pending curation
https://www.alanranger.com/blog-on-photography/case-study-dennis-jeffrey-rps-distinctions,RPS Distinctions,legacy_unreviewed,national-money,Y,migrated from CSV07 2026-07-18; pending curation
https://www.alanranger.com/blog-on-photography/case-study-francis-peckham-rps-distinctions,RPS Distinctions,legacy_unreviewed,national-money,Y,migrated from CSV07 2026-07-18; pending curation
https://www.alanranger.com/blog-on-photography/case-study-ian-slater-rps-distinctions,RPS Distinctions,legacy_unreviewed,national-money,Y,migrated from CSV07 2026-07-18; pending curation
https://www.alanranger.com/blog-on-photography/case-study-jacki-rosin,case study,legacy_unreviewed,,N,migrated from CSV07 2026-07-18; pending curation
https://www.alanranger.com/blog-on-photography/case-study-jacki-rosin-rps-distinctions,RPS Distinctions,legacy_unreviewed,national-money,Y,migrated from CSV07 2026-07-18; pending curation
https://www.alanranger.com/blog-on-photography/case-study-janet-boulter-rps-distinctions,RPS Distinctions,legacy_unreviewed,national-money,Y,migrated from CSV07 2026-07-18; pending curation
https://www.alanranger.com/blog-on-photography/case-study-janice-jordan-rps-distinctions,RPS Distinctions,legacy_unreviewed,national-money,Y,migrated from CSV07 2026-07-18; pending curation
https://www.alanranger.com/blog-on-photography/case-study-joyce-james,Case Study,legacy_unreviewed,,N,migrated from CSV07 2026-07-18; pending curation
https://www.alanranger.com/blog-on-photography/case-study-joyce-james-rps-distinctions,RPS Distinctions,legacy_unreviewed,national-money,Y,migrated from CSV07 2026-07-18; pending curation
https://www.alanranger.com/blog-on-photography/case-study-kirsten-pearce,case study,legacy_unreviewed,,N,migrated from CSV07 2026-07-18; pending curation
https://www.alanranger.com/blog-on-photography/case-study-kirsten-pearce-rps-distinctions,RPS Distinctions,legacy_unreviewed,national-money,Y,migrated from CSV07 2026-07-18; pending curation
https://www.alanranger.com/blog-on-photography/case-study-max-dobres-rps-distinctions,RPS Distinctions,legacy_unreviewed,national-money,Y,migrated from CSV07 2026-07-18; pending curation
https://www.alanranger.com/blog-on-photography/case-study-mike-ford,Case Study,legacy_unreviewed,,N,migrated from CSV07 2026-07-18; pending curation
https://www.alanranger.com/blog-on-photography/case-study-paul-kirby-rps-distinctions,RPS Distinctions,legacy_unreviewed,national-money,Y,migrated from CSV07 2026-07-18; pending curation
https://www.alanranger.com/blog-on-photography/case-study-vincenzo-albano-rps-distinctions,RPS Distinctions,legacy_unreviewed,national-money,Y,migrated from CSV07 2026-07-18; pending curation
https://www.alanranger.com/blog-on-photography/choosing-a-camera,Choosing a Camera,legacy_unreviewed,,N,migrated from CSV07 2026-07-18; pending curation
https://www.alanranger.com/blog-on-photography/closeup-macro-photography-practice-assignment,Closeup Macro Photography,legacy_unreviewed,,N,migrated from CSV07 2026-07-18; pending curation
https://www.alanranger.com/blog-on-photography/colour-theory-in-photography-practise-assignment,Colour Theory in Photography,legacy_unreviewed,,N,migrated from CSV07 2026-07-18; pending curation
https://www.alanranger.com/blog-on-photography/composition-curiousness-part-1,Composition,legacy_unreviewed,,N,migrated from CSV07 2026-07-18; pending curation
https://www.alanranger.com/blog-on-photography/composition-curiousness-part-2,Composition,legacy_unreviewed,,N,migrated from CSV07 2026-07-18; pending curation
https://www.alanranger.com/blog-on-photography/composition-in-photography,composition in photography,legacy_unreviewed,,N,migrated from CSV07 2026-07-18; pending curation
https://www.alanranger.com/blog-on-photography/composition-photography-style,Composition Photography Style,legacy_unreviewed,,N,migrated from CSV07 2026-07-18; pending curation
https://www.alanranger.com/blog-on-photography/creative-editing-with-nik-collection-6,NIK Collection,legacy_unreviewed,,N,migrated from CSV07 2026-07-18; pending curation
https://www.alanranger.com/blog-on-photography/creative-photo-editing,Creative Photo Editing,legacy_unreviewed,,N,migrated from CSV07 2026-07-18; pending curation
https://www.alanranger.com/blog-on-photography/creative-photography-workshops-unlocking-your-potential,Creative Photography,legacy_unreviewed,,N,migrated from CSV07 2026-07-18; pending curation
https://www.alanranger.com/blog-on-photography/creative-potential-with-nik-collection-7,Nik Collection,legacy_unreviewed,,N,migrated from CSV07 2026-07-18; pending curation
https://www.alanranger.com/blog-on-photography/delete-duplicate-photos-in-lightroom,duplicate photos,legacy_unreviewed,,N,migrated from CSV07 2026-07-18; pending curation
https://www.alanranger.com/blog-on-photography/depth-of-field-checklist,Depth of Field Checklist,legacy_unreviewed,,N,migrated from CSV07 2026-07-18; pending curation
https://www.alanranger.com/blog-on-photography/dice-roll-serendipity-awareness-photography-assignment,Dice Roll Serendipity Awareness,legacy_unreviewed,,N,migrated from CSV07 2026-07-18; pending curation
https://www.alanranger.com/blog-on-photography/enhancing-your-photography-with-kase-filters,kase filters,legacy_unreviewed,,N,migrated from CSV07 2026-07-18; pending curation
https://www.alanranger.com/blog-on-photography/exposure-bracketing-a-guide-for-photographers,EXPOSURE BRACKETING,legacy_unreviewed,,N,migrated from CSV07 2026-07-18; pending curation
https://www.alanranger.com/blog-on-photography/exposure-bracketing-checklist,Exposure Bracketing Checklist,legacy_unreviewed,,N,migrated from CSV07 2026-07-18; pending curation
https://www.alanranger.com/blog-on-photography/exposure-bracketing-photos,Exposure Bracketing,legacy_unreviewed,,N,migrated from CSV07 2026-07-18; pending curation
https://www.alanranger.com/blog-on-photography/exposure-triangle-mastery-photography-practice-assignment,Exposure Triangle,legacy_unreviewed,,N,migrated from CSV07 2026-07-18; pending curation
https://www.alanranger.com/blog-on-photography/expressive-photography-hard-often-frustrating,Expressive Photography,legacy_unreviewed,,N,migrated from CSV07 2026-07-18; pending curation
https://www.alanranger.com/blog-on-photography/filters-mastery-nd-gnd-photography,Filters Mastery ND GND,legacy_unreviewed,,N,migrated from CSV07 2026-07-18; pending curation
https://www.alanranger.com/blog-on-photography/finding-your-compositional-balance,Compositional Balance,legacy_unreviewed,,N,migrated from CSV07 2026-07-18; pending curation
https://www.alanranger.com/blog-on-photography/five-creative-autumn-photography-projects,Autumn Photography Projects,legacy_unreviewed,,N,migrated from CSV07 2026-07-18; pending curation
https://www.alanranger.com/blog-on-photography/focus-modes-and-tracking,Focus Modes and Tracking,legacy_unreviewed,,N,migrated from CSV07 2026-07-18; pending curation
https://www.alanranger.com/blog-on-photography/free-outdoor-photography-exposure-calculator,exposure calculator,legacy_unreviewed,,N,migrated from CSV07 2026-07-18; pending curation
https://www.alanranger.com/blog-on-photography/full-frame-or-crop-sensor,Full Frame or Crop Sensor,legacy_unreviewed,,N,migrated from CSV07 2026-07-18; pending curation
https://www.alanranger.com/blog-on-photography/full-frame-vs-cropped-sensor,sensor,legacy_unreviewed,,N,migrated from CSV07 2026-07-18; pending curation
https://www.alanranger.com/blog-on-photography/guide-preparing-for-your-photography-workshop,Preparing for Your Photography Workshop,legacy_unreviewed,,N,migrated from CSV07 2026-07-18; pending curation
https://www.alanranger.com/blog-on-photography/haiku-with-a-picture-shahai,HAIKU,legacy_unreviewed,,N,migrated from CSV07 2026-07-18; pending curation
https://www.alanranger.com/blog-on-photography/handheld-vs-tripod-stability-photography-assignment,Handheld vs Tripod Stability,legacy_unreviewed,,N,migrated from CSV07 2026-07-18; pending curation
https://www.alanranger.com/blog-on-photography/hartland-quay-devon-coastal-workshop,hartland quay,legacy_unreviewed,,N,migrated from CSV07 2026-07-18; pending curation
https://www.alanranger.com/blog-on-photography/help-portrait-coventry-report,Help Portrait,legacy_unreviewed,,N,migrated from CSV07 2026-07-18; pending curation
https://www.alanranger.com/blog-on-photography/help-portrait-uk-coventry,Help Portrait,legacy_unreviewed,,N,migrated from CSV07 2026-07-18; pending curation
https://www.alanranger.com/blog-on-photography/help-portrait-uk-coventry-school-shoot,Help Portrait,legacy_unreviewed,,N,migrated from CSV07 2026-07-18; pending curation
https://www.alanranger.com/blog-on-photography/histogram-and-exposure-review,Histogram and Exposure,legacy_unreviewed,,N,migrated from CSV07 2026-07-18; pending curation
https://www.alanranger.com/blog-on-photography/how-mirrorless-cameras-are-shaping-photography,Mirrorless Cameras,legacy_unreviewed,,N,migrated from CSV07 2026-07-18; pending curation
https://www.alanranger.com/blog-on-photography/how-much-do-photographers-earn,How Much Do Photographers Earn,legacy_unreviewed,,N,migrated from CSV07 2026-07-18; pending curation
https://www.alanranger.com/blog-on-photography/how-to-back-up-photos,Back Up Photos,legacy_unreviewed,,N,migrated from CSV07 2026-07-18; pending curation
https://www.alanranger.com/blog-on-photography/how-to-become-a-better-photographer,HOW TO BECOME A BETTER PHOTOGRAPHER,legacy_unreviewed,,N,migrated from CSV07 2026-07-18; pending curation
https://www.alanranger.com/blog-on-photography/how-to-find-your-photography-style,photography style,legacy_unreviewed,,N,migrated from CSV07 2026-07-18; pending curation
https://www.alanranger.com/blog-on-photography/how-to-improve-your-photography-composition,Photography Composition,legacy_unreviewed,,N,migrated from CSV07 2026-07-18; pending curation
https://www.alanranger.com/blog-on-photography/how-to-improve-your-woodland-pictures,Woodland Pictures,legacy_unreviewed,,N,migrated from CSV07 2026-07-18; pending curation
https://www.alanranger.com/blog-on-photography/how-to-make-moving-photographs,Moving Photographs,legacy_unreviewed,,N,migrated from CSV07 2026-07-18; pending curation
https://www.alanranger.com/blog-on-photography/how-to-take-long-exposure-photos,Long Exposure,legacy_unreviewed,,N,migrated from CSV07 2026-07-18; pending curation
https://www.alanranger.com/blog-on-photography/how-to-take-professional-photos,How to Take Professional Photos,legacy_unreviewed,,N,migrated from CSV07 2026-07-18; pending curation
https://www.alanranger.com/blog-on-photography/iphone-camera-vs-the-digital-camera,Phone Camera,legacy_unreviewed,,N,migrated from CSV07 2026-07-18; pending curation
https://www.alanranger.com/blog-on-photography/ireland-photography-workshop-recce-report,Ireland Photography,legacy_unreviewed,,N,migrated from CSV07 2026-07-18; pending curation
https://www.alanranger.com/blog-on-photography/iso-and-noise-control-practice-assignment,ISO and Noise,legacy_unreviewed,,N,migrated from CSV07 2026-07-18; pending curation
https://www.alanranger.com/blog-on-photography/iso-camera-settings,Camera ISO Settings,legacy_unreviewed,,N,migrated from CSV07 2026-07-18; pending curation
https://www.alanranger.com/blog-on-photography/jacki-rosin-arps-rhs-exhibition,RHS Exhibition,legacy_unreviewed,,N,migrated from CSV07 2026-07-18; pending curation
https://www.alanranger.com/blog-on-photography/john-simpson-rps-distinctions,RPS Distinctions,legacy_unreviewed,national-money,Y,migrated from CSV07 2026-07-18; pending curation
https://www.alanranger.com/blog-on-photography/jpeg-vs-raw-the-key-differences,JPEG vs RAW,legacy_unreviewed,,N,migrated from CSV07 2026-07-18; pending curation
https://www.alanranger.com/blog-on-photography/jpg-vs-raw-settings,JPG vs Raw Settings,legacy_unreviewed,,N,migrated from CSV07 2026-07-18; pending curation
https://www.alanranger.com/blog-on-photography/kase-filters-and-lightroom-queen-deals,Kase Filters,legacy_unreviewed,,N,migrated from CSV07 2026-07-18; pending curation
https://www.alanranger.com/blog-on-photography/keeping-sensors-clean-sensor-cleaning,Sensor Cleaning,legacy_unreviewed,,N,migrated from CSV07 2026-07-18; pending curation
https://www.alanranger.com/blog-on-photography/kentfaith-concept-square-filter-system,Square Filter System,legacy_unreviewed,,N,migrated from CSV07 2026-07-18; pending curation
https://www.alanranger.com/blog-on-photography/know-your-camera-filters,Camera Filters,legacy_unreviewed,,N,migrated from CSV07 2026-07-18; pending curation
https://www.alanranger.com/blog-on-photography/landscape-fine-art-photography-prints,fine art photography prints,legacy_unreviewed,,N,migrated from CSV07 2026-07-18; pending curation
https://www.alanranger.com/blog-on-photography/landscape-photography-guide,Landscape Photography Guide,legacy_unreviewed,,N,migrated from CSV07 2026-07-18; pending curation
https://www.alanranger.com/blog-on-photography/landscapes-photography-practise-assignment,landscapes,legacy_unreviewed,,N,migrated from CSV07 2026-07-18; pending curation
https://www.alanranger.com/blog-on-photography/learn-how-to-use-lightroom,Lightroom,legacy_unreviewed,,N,migrated from CSV07 2026-07-18; pending curation
https://www.alanranger.com/blog-on-photography/learn-landscape-photography-techniques,Learn landscape photography techniques,legacy_unreviewed,,N,migrated from CSV07 2026-07-18; pending curation
https://www.alanranger.com/blog-on-photography/learn-photography-basics-with-a-mentor,Learn Photography Basics,legacy_unreviewed,,N,migrated from CSV07 2026-07-18; pending curation
https://www.alanranger.com/blog-on-photography/learn-photography-how,Learn Photography,legacy_unreviewed,,N,migrated from CSV07 2026-07-18; pending curation
https://www.alanranger.com/blog-on-photography/learn-photography-online-photography-classes,Learn Photography,legacy_unreviewed,,N,migrated from CSV07 2026-07-18; pending curation
https://www.alanranger.com/blog-on-photography/lens-focal-length,Lens Focal Length Checklist,legacy_unreviewed,,N,migrated from CSV07 2026-07-18; pending curation
https://www.alanranger.com/blog-on-photography/light-metering-modes-practice-photography-assignment,Metering Modes,legacy_unreviewed,,N,migrated from CSV07 2026-07-18; pending curation
https://www.alanranger.com/blog-on-photography/lightroom-classic-latest-version-whats-new,Lightroom Classic Latest Version,legacy_unreviewed,,N,migrated from CSV07 2026-07-18; pending curation
https://www.alanranger.com/blog-on-photography/lines-shapes-and-geometry-photography-assignment,Lines Shapes and Geometry,legacy_unreviewed,,N,migrated from CSV07 2026-07-18; pending curation
https://www.alanranger.com/blog-on-photography/long-exposure-photography-guide,Long Exposure Photography Guide,legacy_unreviewed,,N,migrated from CSV07 2026-07-18; pending curation
https://www.alanranger.com/blog-on-photography/macro-photography-guide,Macro Photography Guide,legacy_unreviewed,,N,migrated from CSV07 2026-07-18; pending curation
https://www.alanranger.com/blog-on-photography/manfrotto-befree-tripod-review,Manfrotto Befree Tripod,legacy_unreviewed,,N,migrated from CSV07 2026-07-18; pending curation
https://www.alanranger.com/blog-on-photography/mary-hamilton-rps-distinctions-panel,RPS Distinctions,legacy_unreviewed,national-money,Y,migrated from CSV07 2026-07-18; pending curation
https://www.alanranger.com/blog-on-photography/master-photography-with-a-photography-tutor,photography tutor,legacy_unreviewed,local-money,Y,migrated from CSV07 2026-07-18; pending curation
https://www.alanranger.com/blog-on-photography/mastering-abstract-photography,Abstract Photography,legacy_unreviewed,,N,migrated from CSV07 2026-07-18; pending curation
https://www.alanranger.com/blog-on-photography/mastering-landscape-photography-tips-and-techniques,landscape photography,legacy_unreviewed,,N,migrated from CSV07 2026-07-18; pending curation
https://www.alanranger.com/blog-on-photography/mastering-photography-composition-rules,Photography COMPOSITION,legacy_unreviewed,,N,migrated from CSV07 2026-07-18; pending curation
https://www.alanranger.com/blog-on-photography/mastering-the-art-of-seasonal-photography,Seasonal Photography,legacy_unreviewed,,N,migrated from CSV07 2026-07-18; pending curation
https://www.alanranger.com/blog-on-photography/mastering-the-art-of-shadow-photography,Shadow Photography,legacy_unreviewed,,N,migrated from CSV07 2026-07-18; pending curation
https://www.alanranger.com/blog-on-photography/mastering-the-art-of-winter-photography,winter photography,legacy_unreviewed,,N,migrated from CSV07 2026-07-18; pending curation
https://www.alanranger.com/blog-on-photography/midlands-photography-workshops-with-alan-ranger,Midlands Photography,legacy_unreviewed,,N,migrated from CSV07 2026-07-18; pending curation
https://www.alanranger.com/blog-on-photography/minimalism-photography-assignment,Minimalism photography,legacy_unreviewed,,N,migrated from CSV07 2026-07-18; pending curation
https://www.alanranger.com/blog-on-photography/minimalist-photography-guide,Minimalist Photography Guide,legacy_unreviewed,,N,migrated from CSV07 2026-07-18; pending curation
https://www.alanranger.com/blog-on-photography/movement-and-intentional-blur-photography-assignment,Movement and Intentional Blur,legacy_unreviewed,,N,migrated from CSV07 2026-07-18; pending curation
https://www.alanranger.com/blog-on-photography/my-rps-distinctions-journey-mike-ford,RPS distinctions,legacy_unreviewed,national-money,Y,migrated from CSV07 2026-07-18; pending curation
https://www.alanranger.com/blog-on-photography/new-partnership-with-one-vision-imaging,One Vision Imaging,legacy_unreviewed,,N,migrated from CSV07 2026-07-18; pending curation
https://www.alanranger.com/blog-on-photography/north-devon-photography-workshops-why-devon,Devon Photography Workshops,legacy_unreviewed,,N,migrated from CSV07 2026-07-18; pending curation
https://www.alanranger.com/blog-on-photography/northumberland-landscape-photography-why-northumbria,Northumberland Landscape Photography,legacy_unreviewed,,N,migrated from CSV07 2026-07-18; pending curation
https://www.alanranger.com/blog-on-photography/partner-to-jaguar-land-rover-training,Jaguar Land Rover Training,legacy_unreviewed,,N,migrated from CSV07 2026-07-18; pending curation
https://www.alanranger.com/blog-on-photography/partnership-with-one-vision-imaging,One Vision Imaging,legacy_unreviewed,,N,migrated from CSV07 2026-07-18; pending curation
https://www.alanranger.com/blog-on-photography/patterns-rhythm-and-repetition-photography-assignment,Patterns Rhythm and Repetition,legacy_unreviewed,,N,migrated from CSV07 2026-07-18; pending curation
https://www.alanranger.com/blog-on-photography/peter-orton-rps-distinctions,RPS Distinctions,legacy_unreviewed,national-money,Y,migrated from CSV07 2026-07-18; pending curation
https://www.alanranger.com/blog-on-photography/photo-editing-software,Photo Editing Software,legacy_unreviewed,,N,migrated from CSV07 2026-07-18; pending curation
https://www.alanranger.com/blog-on-photography/photo-print-sizes-resize-photos,Photo Print Sizes,legacy_unreviewed,,N,migrated from CSV07 2026-07-18; pending curation
https://www.alanranger.com/blog-on-photography/photographers-composition-viewing-frame,Viewing Frame,legacy_unreviewed,,N,migrated from CSV07 2026-07-18; pending curation
https://www.alanranger.com/blog-on-photography/photographers-copyright-digital-images-photographs,Photographers Copyright,legacy_unreviewed,,N,migrated from CSV07 2026-07-18; pending curation
https://www.alanranger.com/blog-on-photography/photographers-rights-in-the-uk,Photographers Rights,legacy_unreviewed,,N,migrated from CSV07 2026-07-18; pending curation
https://www.alanranger.com/blog-on-photography/photographing-autumn-uk-landscape-photography-guide,Photographing Autumn,legacy_unreviewed,,N,migrated from CSV07 2026-07-18; pending curation
https://www.alanranger.com/blog-on-photography/photography-basics-creative-editing,Creative Editing,legacy_unreviewed,,N,migrated from CSV07 2026-07-18; pending curation
https://www.alanranger.com/blog-on-photography/photography-basics-creative-photo-projects,Creative Photo Projects,legacy_unreviewed,,N,migrated from CSV07 2026-07-18; pending curation
https://www.alanranger.com/blog-on-photography/photography-basics-how-to-improve-photography,Photography Basics,legacy_unreviewed,,N,migrated from CSV07 2026-07-18; pending curation
https://www.alanranger.com/blog-on-photography/photography-composition-framing,Photography Composition Framing,legacy_unreviewed,,N,migrated from CSV07 2026-07-18; pending curation
https://www.alanranger.com/blog-on-photography/photography-composition-leading-lines,Composition Leading Lines,legacy_unreviewed,,N,migrated from CSV07 2026-07-18; pending curation
https://www.alanranger.com/blog-on-photography/photography-composition-negative-spacee,Photography Composition Negative Space,legacy_unreviewed,,N,migrated from CSV07 2026-07-18; pending curation
https://www.alanranger.com/blog-on-photography/photography-composition-observation,Photography Composition Observation,legacy_unreviewed,,N,migrated from CSV07 2026-07-18; pending curation
https://www.alanranger.com/blog-on-photography/photography-composition-rules,Photography Composition Rules,legacy_unreviewed,,N,migrated from CSV07 2026-07-18; pending curation
https://www.alanranger.com/blog-on-photography/photography-compositional-balance,Photography Compositional Balance,legacy_unreviewed,,N,migrated from CSV07 2026-07-18; pending curation
https://www.alanranger.com/blog-on-photography/photography-concepts-for-beginners,Photography Concepts for Beginners,legacy_unreviewed,,N,migrated from CSV07 2026-07-18; pending curation
https://www.alanranger.com/blog-on-photography/photography-contrast-composition,Photography Contrast Composition,legacy_unreviewed,,N,migrated from CSV07 2026-07-18; pending curation
https://www.alanranger.com/blog-on-photography/photography-english-talk-with-confidence,Photography English,legacy_unreviewed,,N,migrated from CSV07 2026-07-18; pending curation
https://www.alanranger.com/blog-on-photography/photography-equipment-for-beginners,Photography Equipment for Beginners,legacy_unreviewed,,N,migrated from CSV07 2026-07-18; pending curation
https://www.alanranger.com/blog-on-photography/photography-evening-classes-fun-informative,Photography Evening Classes,legacy_unreviewed,local-money,Y,migrated from CSV07 2026-07-18; pending curation
https://www.alanranger.com/blog-on-photography/photography-for-kids,Photography For Kids,legacy_unreviewed,,N,migrated from CSV07 2026-07-18; pending curation
https://www.alanranger.com/blog-on-photography/photography-is-an-art-of-observation,art of observation,legacy_unreviewed,,N,migrated from CSV07 2026-07-18; pending curation
https://www.alanranger.com/blog-on-photography/photography-lessons-for-beginners,Photography lessons for beginners,legacy_unreviewed,,N,migrated from CSV07 2026-07-18; pending curation
https://www.alanranger.com/blog-on-photography/photography-show-buying-advice,photography show,legacy_unreviewed,,N,migrated from CSV07 2026-07-18; pending curation
https://www.alanranger.com/blog-on-photography/photography-storytelling-composition,Photography Storytelling Composition,legacy_unreviewed,,N,migrated from CSV07 2026-07-18; pending curation
https://www.alanranger.com/blog-on-photography/photography-styles-trends-and-tips,Photography Styles,legacy_unreviewed,,N,migrated from CSV07 2026-07-18; pending curation
https://www.alanranger.com/blog-on-photography/photography-the-epitome-of-art,The Epitome of Art,legacy_unreviewed,,N,migrated from CSV07 2026-07-18; pending curation
https://www.alanranger.com/blog-on-photography/photography-tips-10-things-to-know,Photography Tips,legacy_unreviewed,,N,migrated from CSV07 2026-07-18; pending curation
https://www.alanranger.com/blog-on-photography/portrait-photography-guide,Portrait Photography Guide,legacy_unreviewed,,N,migrated from CSV07 2026-07-18; pending curation
https://www.alanranger.com/blog-on-photography/portrait-photography-practice-assignment,Portrait Photography,legacy_unreviewed,,N,migrated from CSV07 2026-07-18; pending curation
https://www.alanranger.com/blog-on-photography/prepare-for-photography-courses,Prepare for Photography Courses,legacy_unreviewed,,N,migrated from CSV07 2026-07-18; pending curation
https://www.alanranger.com/blog-on-photography/product-photography-guide,Product Photography Guide,legacy_unreviewed,,N,migrated from CSV07 2026-07-18; pending curation
https://www.alanranger.com/blog-on-photography/product-photography-setup,Product Photography,legacy_unreviewed,local-money,Y,migrated from CSV07 2026-07-18; pending curation
https://www.alanranger.com/blog-on-photography/professional-commercial-photography-elevate-your-business,Commercial Photography,legacy_unreviewed,,N,migrated from CSV07 2026-07-18; pending curation
https://www.alanranger.com/blog-on-photography/professional-commercial-photography-in-coventry,Commercial Photography,legacy_unreviewed,,N,migrated from CSV07 2026-07-18; pending curation
https://www.alanranger.com/blog-on-photography/recommended-travel-lightweight-tripods,Lightweight Tripods,legacy_unreviewed,,N,migrated from CSV07 2026-07-18; pending curation
https://www.alanranger.com/blog-on-photography/rps-distinctions-group-cfp5t,RPS Distinctions,legacy_unreviewed,national-money,Y,migrated from CSV07 2026-07-18; pending curation
https://www.alanranger.com/blog-on-photography/rubys-first-photo-project,Photo Project,legacy_unreviewed,,N,migrated from CSV07 2026-07-18; pending curation
https://www.alanranger.com/blog-on-photography/schools-photo-project,Photo Project,legacy_unreviewed,,N,migrated from CSV07 2026-07-18; pending curation
https://www.alanranger.com/blog-on-photography/seasons-nature-photography-assignment,Seasons Nature,legacy_unreviewed,,N,migrated from CSV07 2026-07-18; pending curation
https://www.alanranger.com/blog-on-photography/secrets-of-lake-district-landscape-photography,Lake District Landscape Photography,legacy_unreviewed,,N,migrated from CSV07 2026-07-18; pending curation
https://www.alanranger.com/blog-on-photography/secrets-to-woodland-photography-masterclass,woodland photography,legacy_unreviewed,,N,migrated from CSV07 2026-07-18; pending curation
https://www.alanranger.com/blog-on-photography/selecting-the-ideal-product-photographer,Product Photographer,legacy_unreviewed,local-money,Y,migrated from CSV07 2026-07-18; pending curation
https://www.alanranger.com/blog-on-photography/shadows-and-contrast-photography-practice-assignment,Shadows and Contrast,legacy_unreviewed,,N,migrated from CSV07 2026-07-18; pending curation
https://www.alanranger.com/blog-on-photography/shooting-in-low-light,Shooting In Low Light,legacy_unreviewed,,N,migrated from CSV07 2026-07-18; pending curation
https://www.alanranger.com/blog-on-photography/shooting-night-time-photography-tips,Night time photography,legacy_unreviewed,,N,migrated from CSV07 2026-07-18; pending curation
https://www.alanranger.com/blog-on-photography/shutter-speed-and-motion-photography-practice-assignment,Shutter Speed and Motion,legacy_unreviewed,,N,migrated from CSV07 2026-07-18; pending curation
https://www.alanranger.com/blog-on-photography/social-media-for-photographers-tips,social media for photographers,legacy_unreviewed,,N,migrated from CSV07 2026-07-18; pending curation
https://www.alanranger.com/blog-on-photography/still-life-photography-guide,Still Life Photography Guide,legacy_unreviewed,,N,migrated from CSV07 2026-07-18; pending curation
https://www.alanranger.com/blog-on-photography/still-life-photography-practice-assignment,Still Life Photography,legacy_unreviewed,,N,migrated from CSV07 2026-07-18; pending curation
https://www.alanranger.com/blog-on-photography/storytelling-narrative-photography-assignment,Storytelling Narrative Photography,legacy_unreviewed,,N,migrated from CSV07 2026-07-18; pending curation
https://www.alanranger.com/blog-on-photography/street-photography-guide,Street Photography Guide,legacy_unreviewed,,N,migrated from CSV07 2026-07-18; pending curation
https://www.alanranger.com/blog-on-photography/street-photography-practice-assignment,Street Photography,legacy_unreviewed,,N,migrated from CSV07 2026-07-18; pending curation
https://www.alanranger.com/blog-on-photography/street-photography-tips,Street Photography,legacy_unreviewed,,N,migrated from CSV07 2026-07-18; pending curation
https://www.alanranger.com/blog-on-photography/struggle-to-see-your-camera-screen,Camera Screen,legacy_unreviewed,,N,migrated from CSV07 2026-07-18; pending curation
https://www.alanranger.com/blog-on-photography/suffolk-punch-personal-perspective,suffolk punch,legacy_unreviewed,,N,migrated from CSV07 2026-07-18; pending curation
https://www.alanranger.com/blog-on-photography/take-the-on-line-colour-test,colour test,legacy_unreviewed,,N,migrated from CSV07 2026-07-18; pending curation
https://www.alanranger.com/blog-on-photography/technical-skills-photography-students-need,Photography Students,legacy_unreviewed,,N,migrated from CSV07 2026-07-18; pending curation
https://www.alanranger.com/blog-on-photography/ten-tips-towards-better-composition,Better Composition,legacy_unreviewed,,N,migrated from CSV07 2026-07-18; pending curation
https://www.alanranger.com/blog-on-photography/the-art-of-storytelling-photography,Storytelling photography,legacy_unreviewed,,N,migrated from CSV07 2026-07-18; pending curation
https://www.alanranger.com/blog-on-photography/the-camera-is-an-instrument-,camera is an instrument,legacy_unreviewed,,N,migrated from CSV07 2026-07-18; pending curation
https://www.alanranger.com/blog-on-photography/the-history-of-photography,history of photography,legacy_unreviewed,,N,migrated from CSV07 2026-07-18; pending curation
https://www.alanranger.com/blog-on-photography/the-perfect-travel-tripod-benro-cyanbird,travel tripod,legacy_unreviewed,,N,migrated from CSV07 2026-07-18; pending curation
https://www.alanranger.com/blog-on-photography/the-studies-to-become-a-professional-photographer,Studies Needed to Become a Professional,legacy_unreviewed,,N,migrated from CSV07 2026-07-18; pending curation
https://www.alanranger.com/blog-on-photography/the-way-of-wu-wei-philosophy,Wu Wei,legacy_unreviewed,,N,migrated from CSV07 2026-07-18; pending curation
https://www.alanranger.com/blog-on-photography/top-10-composition-mistakes-beginners-make,Composition Mistakes,legacy_unreviewed,,N,migrated from CSV07 2026-07-18; pending curation
https://www.alanranger.com/blog-on-photography/top-6-tips-for-photographing-fireworks,Photographing Fireworks,legacy_unreviewed,,N,migrated from CSV07 2026-07-18; pending curation
https://www.alanranger.com/blog-on-photography/top-bluebell-woodland-tips,bluebell woodland,legacy_unreviewed,,N,migrated from CSV07 2026-07-18; pending curation
https://www.alanranger.com/blog-on-photography/top-tips-for-photographing-bluebells,photographing bluebells,legacy_unreviewed,,N,migrated from CSV07 2026-07-18; pending curation
https://www.alanranger.com/blog-on-photography/tripod-for-cameras-essential-guide,Tripod for Camera,legacy_unreviewed,,N,migrated from CSV07 2026-07-18; pending curation
https://www.alanranger.com/blog-on-photography/tripod-for-headshots-top-picks-amp-reviews-2026,Tripod for Headshots,legacy_unreviewed,,N,migrated from CSV07 2026-07-18; pending curation
https://www.alanranger.com/blog-on-photography/tripods-a-photographers-best-friend,Tripods,legacy_unreviewed,,N,migrated from CSV07 2026-07-18; pending curation
https://www.alanranger.com/blog-on-photography/tripods-gitzo-vs-benro-review,Tripods,legacy_unreviewed,,N,migrated from CSV07 2026-07-18; pending curation
https://www.alanranger.com/blog-on-photography/triptych-project-photography-assignment-free-lesson,Triptych Project,legacy_unreviewed,,N,migrated from CSV07 2026-07-18; pending curation
https://www.alanranger.com/blog-on-photography/ultimate-guide-to-summer-landscape-photography,Summer Landscape Photography,legacy_unreviewed,,N,migrated from CSV07 2026-07-18; pending curation
https://www.alanranger.com/blog-on-photography/used-cameras-and-lenses,Used Camera,legacy_unreviewed,,N,migrated from CSV07 2026-07-18; pending curation
https://www.alanranger.com/blog-on-photography/using-a-nd-filter,ND Filter,legacy_unreviewed,,N,migrated from CSV07 2026-07-18; pending curation
https://www.alanranger.com/blog-on-photography/virtual-bluebell-photoshoot,Bluebell Photoshoot,legacy_unreviewed,,N,migrated from CSV07 2026-07-18; pending curation
https://www.alanranger.com/blog-on-photography/visual-weight-and-flow-practice-assignment,Visual Weight and Flow,legacy_unreviewed,,N,migrated from CSV07 2026-07-18; pending curation
https://www.alanranger.com/blog-on-photography/what-are-camera-drive-modes,Camera Drive Modes,legacy_unreviewed,,N,migrated from CSV07 2026-07-18; pending curation
https://www.alanranger.com/blog-on-photography/what-are-leading-lines-in-photography,What Are leading lines in Photography,legacy_unreviewed,,N,migrated from CSV07 2026-07-18; pending curation
https://www.alanranger.com/blog-on-photography/what-do-camera-lens-filters-do,What do camera Lens Filters Do,legacy_unreviewed,,N,migrated from CSV07 2026-07-18; pending curation
https://www.alanranger.com/blog-on-photography/what-is-aperture-in-photography,What is APERTURE,legacy_unreviewed,,N,migrated from CSV07 2026-07-18; pending curation
https://www.alanranger.com/blog-on-photography/what-is-contrast-in-photography,contrast in photography,legacy_unreviewed,,N,migrated from CSV07 2026-07-18; pending curation
https://www.alanranger.com/blog-on-photography/what-is-depth-of-field,DEPTH OF FIELD,legacy_unreviewed,,N,migrated from CSV07 2026-07-18; pending curation
https://www.alanranger.com/blog-on-photography/what-is-dynamic-range-in-photography,Dynamic Range In Photography,legacy_unreviewed,,N,migrated from CSV07 2026-07-18; pending curation
https://www.alanranger.com/blog-on-photography/what-is-exposure-in-photography,What is exposure in photography,legacy_unreviewed,,N,migrated from CSV07 2026-07-18; pending curation
https://www.alanranger.com/blog-on-photography/what-is-focal-length-in-photography,what is focal length,legacy_unreviewed,,N,migrated from CSV07 2026-07-18; pending curation
https://www.alanranger.com/blog-on-photography/what-is-focus-in-photography,focus in Photography,legacy_unreviewed,,N,migrated from CSV07 2026-07-18; pending curation
https://www.alanranger.com/blog-on-photography/what-is-framing-in-photography,framing in photography,legacy_unreviewed,,N,migrated from CSV07 2026-07-18; pending curation
https://www.alanranger.com/blog-on-photography/what-is-iso-in-photography,ISO in photography,legacy_unreviewed,,N,migrated from CSV07 2026-07-18; pending curation
https://www.alanranger.com/blog-on-photography/what-is-manual-exposure-in-photography,Manual Exposure,legacy_unreviewed,,N,migrated from CSV07 2026-07-18; pending curation
https://www.alanranger.com/blog-on-photography/what-is-metering-in-photography,What is Metering in photography,legacy_unreviewed,,N,migrated from CSV07 2026-07-18; pending curation
https://www.alanranger.com/blog-on-photography/what-is-minimalist-photography,MINIMALIST PHOTOGRAPHY,legacy_unreviewed,,N,migrated from CSV07 2026-07-18; pending curation
https://www.alanranger.com/blog-on-photography/what-is-negative-space-in-photography,negative Space,legacy_unreviewed,,N,migrated from CSV07 2026-07-18; pending curation
https://www.alanranger.com/blog-on-photography/what-is-portrait-photography,What is Portrait photography,legacy_unreviewed,,N,migrated from CSV07 2026-07-18; pending curation
https://www.alanranger.com/blog-on-photography/what-is-shutter-speed,shutter Speed,legacy_unreviewed,,N,migrated from CSV07 2026-07-18; pending curation
https://www.alanranger.com/blog-on-photography/what-is-still-life-photography,STILL LIFE PHOTOGRAPHY,legacy_unreviewed,,N,migrated from CSV07 2026-07-18; pending curation
https://www.alanranger.com/blog-on-photography/what-is-white-balance-in-photography,WHITE BALANCE in photography,legacy_unreviewed,,N,migrated from CSV07 2026-07-18; pending curation
https://www.alanranger.com/blog-on-photography/whats-new-in-lightroom-classic-13,What's New In Lightroom,legacy_unreviewed,,N,migrated from CSV07 2026-07-18; pending curation
https://www.alanranger.com/blog-on-photography/which-lens-should-i-buy-next,which lens should I buy,legacy_unreviewed,,N,migrated from CSV07 2026-07-18; pending curation
https://www.alanranger.com/blog-on-photography/white-balance-and-colour-photography,White Balance and Colour,legacy_unreviewed,,N,migrated from CSV07 2026-07-18; pending curation
https://www.alanranger.com/blog-on-photography/why-snowdonia-landscape-photography-workshops,Snowdonia landscape photography,legacy_unreviewed,,N,migrated from CSV07 2026-07-18; pending curation
https://www.alanranger.com/blog-on-photography/wildlife-photography-practice-assignment-free-lesson,Wildlife Photography,legacy_unreviewed,,N,migrated from CSV07 2026-07-18; pending curation
https://www.alanranger.com/blog-on-photography/winter-photography-magic,winter Photography,legacy_unreviewed,,N,migrated from CSV07 2026-07-18; pending curation
https://www.alanranger.com/fine-art-prints,fine art prints,legacy_unreviewed,,N,migrated from CSV07 2026-07-18; pending curation
https://www.alanranger.com/free-photography-tips,photography tips,legacy_unreviewed,,N,migrated from CSV07 2026-07-18; pending curation
https://www.alanranger.com/gallery-image-portfolios,gallery,legacy_unreviewed,,N,migrated from CSV07 2026-07-18; pending curation
https://www.alanranger.com/help-portrait-uk-coventry,help portrait,legacy_unreviewed,,N,migrated from CSV07 2026-07-18; pending curation
https://www.alanranger.com/help-site-map,help,legacy_unreviewed,,N,migrated from CSV07 2026-07-18; pending curation
https://www.alanranger.com/home,alan ranger photography,legacy_unreviewed,brand,Y,migrated from CSV07 2026-07-18; pending curation
https://www.alanranger.com/intentions-course-six-month-photography-project,Photography Project,legacy_unreviewed,,N,migrated from CSV07 2026-07-18; pending curation
https://www.alanranger.com/newsletter-signup-form,Newsletter Signup,legacy_unreviewed,,N,migrated from CSV07 2026-07-18; pending curation
https://www.alanranger.com/one-day-landscape-photography-workshops,landscape photography workshops,legacy_unreviewed,national-money,Y,migrated from CSV07 2026-07-18; pending curation
https://www.alanranger.com/outdoor-photography-exposure-calculator,Exposure Calculator,legacy_unreviewed,,N,migrated from CSV07 2026-07-18; pending curation
https://www.alanranger.com/photo-workshops-uk,Photo Workshops,legacy_unreviewed,national-money,Y,migrated from CSV07 2026-07-18; pending curation
https://www.alanranger.com/photo-workshops-uk/abstract-and-macro-photography-workshops,Macro Photography Workshop,legacy_unreviewed,,N,migrated from CSV07 2026-07-18; pending curation
https://www.alanranger.com/photo-workshops-uk/batsford-arboretum-photography-workshops,Batsford Arboretum,legacy_unreviewed,,N,migrated from CSV07 2026-07-18; pending curation
https://www.alanranger.com/photo-workshops-uk/bluebell-woodlands-photography-workshops,Bluebell woodlands,legacy_unreviewed,,N,migrated from CSV07 2026-07-18; pending curation
https://www.alanranger.com/photo-workshops-uk/christmas-photography-workshops,Christmas Photography,legacy_unreviewed,,N,migrated from CSV07 2026-07-18; pending curation
https://www.alanranger.com/photo-workshops-uk/coastal-northumberland-photography-workshops,Northumberland Photography,legacy_unreviewed,,N,migrated from CSV07 2026-07-18; pending curation
https://www.alanranger.com/photo-workshops-uk/dartmoor-photography-landscape-workshop,Dartmoor Photography,legacy_unreviewed,,N,migrated from CSV07 2026-07-18; pending curation
https://www.alanranger.com/photo-workshops-uk/dorset-landscape-photography-workshop,Dorset Landscape Photography,legacy_unreviewed,,N,migrated from CSV07 2026-07-18; pending curation
https://www.alanranger.com/photo-workshops-uk/exmoor-photography-workshops-lynmouth,Exmoor Photography,legacy_unreviewed,,N,migrated from CSV07 2026-07-18; pending curation
https://www.alanranger.com/photo-workshops-uk/fireworks-photography-workshop-kenilworth,Fireworks Photography,legacy_unreviewed,,N,migrated from CSV07 2026-07-18; pending curation
https://www.alanranger.com/photo-workshops-uk/garden-photography-workshop,Garden Photography,legacy_unreviewed,,N,migrated from CSV07 2026-07-18; pending curation
https://www.alanranger.com/photo-workshops-uk/ireland-photography-workshops-dingle,Ireland Photography Workshop,legacy_unreviewed,,N,migrated from CSV07 2026-07-18; pending curation
https://www.alanranger.com/photo-workshops-uk/lake-district-photography-workshop,Lake District Photography workshop,legacy_unreviewed,,N,migrated from CSV07 2026-07-18; pending curation
https://www.alanranger.com/photo-workshops-uk/landscape-peak-district-photography-workshops-derbyshire,Peak District Photography,legacy_unreviewed,,N,migrated from CSV07 2026-07-18; pending curation
https://www.alanranger.com/photo-workshops-uk/landscape-photography-devon-hartland-quay,landscape photography devon,legacy_unreviewed,,N,migrated from CSV07 2026-07-18; pending curation
https://www.alanranger.com/photo-workshops-uk/landscape-photography-snowdonia-workshops,landscape photography snowdonia,legacy_unreviewed,,N,migrated from CSV07 2026-07-18; pending curation
https://www.alanranger.com/photo-workshops-uk/landscape-photography-wales-photo-workshop,Landscape photography Wales,legacy_unreviewed,,N,migrated from CSV07 2026-07-18; pending curation
https://www.alanranger.com/photo-workshops-uk/landscape-photography-workshop-norfolk,Photography Workshop Norfolk,legacy_unreviewed,,N,migrated from CSV07 2026-07-18; pending curation
https://www.alanranger.com/photo-workshops-uk/landscape-photography-workshops-anglesey,landscape Photography Workshop,legacy_unreviewed,national-money,Y,migrated from CSV07 2026-07-18; pending curation
https://www.alanranger.com/photo-workshops-uk/landscape-photography-workshops-nant-mill,nant mill,legacy_unreviewed,,N,migrated from CSV07 2026-07-18; pending curation
https://www.alanranger.com/photo-workshops-uk/long-exposure-photography-kenilworth,long exposure photography,legacy_unreviewed,,N,migrated from CSV07 2026-07-18; pending curation
https://www.alanranger.com/photo-workshops-uk/long-exposure-photography-workshop-fairy-glen,long exposure photography,legacy_unreviewed,,N,migrated from CSV07 2026-07-18; pending curation
https://www.alanranger.com/photo-workshops-uk/long-exposure-photography-workshops-burnham,long exposure photography,legacy_unreviewed,,N,migrated from CSV07 2026-07-18; pending curation
https://www.alanranger.com/photo-workshops-uk/north-yorkshire-landscape-photography,yorkshire landscape photography,legacy_unreviewed,,N,migrated from CSV07 2026-07-18; pending curation
https://www.alanranger.com/photo-workshops-uk/peak-district-heather-photography-workshop,peak district heather,legacy_unreviewed,,N,migrated from CSV07 2026-07-18; pending curation
https://www.alanranger.com/photo-workshops-uk/photography-workshops-chesterton-windmill,chesterton windmill,legacy_unreviewed,,N,migrated from CSV07 2026-07-18; pending curation
https://www.alanranger.com/photo-workshops-uk/photography-workshops-lavender-fields,Lavender Field,legacy_unreviewed,,N,migrated from CSV07 2026-07-18; pending curation
https://www.alanranger.com/photo-workshops-uk/poppy-fields-photography-workshops,Poppy fields photography,legacy_unreviewed,,N,migrated from CSV07 2026-07-18; pending curation
https://www.alanranger.com/photo-workshops-uk/secrets-of-woodland-photography-workshop,Woodland Photography,legacy_unreviewed,,N,migrated from CSV07 2026-07-18; pending curation
https://www.alanranger.com/photo-workshops-uk/sezincote-garden-photography-workshop,Garden Photography,legacy_unreviewed,,N,migrated from CSV07 2026-07-18; pending curation
https://www.alanranger.com/photo-workshops-uk/suffolk-landscape-photography-workshops,Suffolk Landscape Photography,legacy_unreviewed,,N,migrated from CSV07 2026-07-18; pending curation
https://www.alanranger.com/photo-workshops-uk/urban-architecture-photography-workshops-coventry,Architecture Photography workshop,legacy_unreviewed,,N,migrated from CSV07 2026-07-18; pending curation
https://www.alanranger.com/photo-workshops-uk/wales-photography-workshop-pistyll-rhaeadr,Wales Photography workshop,legacy_unreviewed,,N,migrated from CSV07 2026-07-18; pending curation
https://www.alanranger.com/photo-workshops-uk/woodland-photography-walk-warwickshire,Photography walk,legacy_unreviewed,,N,migrated from CSV07 2026-07-18; pending curation
https://www.alanranger.com/photo-workshops-uk/yorkshire-dales-photography-workshops,Yorkshire Dales Photography,legacy_unreviewed,,N,migrated from CSV07 2026-07-18; pending curation
https://www.alanranger.com/photographic-workshops-near-me,Photographic Workshops,legacy_unreviewed,national-money,Y,migrated from CSV07 2026-07-18; pending curation
https://www.alanranger.com/photographic-workshops-near-me/abstract-and-macro-photography-workshop,Abstract and Macro,legacy_unreviewed,,N,migrated from CSV07 2026-07-18; pending curation
https://www.alanranger.com/photographic-workshops-near-me/abstract-and-macro-photography-workshop-coventry,Abstract and Macro,legacy_unreviewed,,N,migrated from CSV07 2026-07-18; pending curation
https://www.alanranger.com/photographic-workshops-near-me/anglesey-photography-workshop-wales,Anglesey Photography Workshop,legacy_unreviewed,,N,migrated from CSV07 2026-07-18; pending curation
https://www.alanranger.com/photographic-workshops-near-me/batsford-arboretum-autumn-photography-1nov,Batsford Arboretum,legacy_unreviewed,,N,migrated from CSV07 2026-07-18; pending curation
https://www.alanranger.com/photographic-workshops-near-me/batsford-arboretum-autumn-photography-29oct,Batsford Arboretum,legacy_unreviewed,,N,migrated from CSV07 2026-07-18; pending curation
https://www.alanranger.com/photographic-workshops-near-me/batsford-arboretum-autumn-photography-2nov,Batsford Arboretum,legacy_unreviewed,,N,migrated from CSV07 2026-07-18; pending curation
https://www.alanranger.com/photographic-workshops-near-me/batsford-arboretum-autumn-photography-30oct,Batsford Arboretum,legacy_unreviewed,,N,migrated from CSV07 2026-07-18; pending curation
https://www.alanranger.com/photographic-workshops-near-me/batsford-arboretum-autumn-photography-31oct,Batsford Arboretum,legacy_unreviewed,,N,migrated from CSV07 2026-07-18; pending curation
https://www.alanranger.com/photographic-workshops-near-me/batsford-arboretum-autumn-photography-3nov,Batsford Arboretum,legacy_unreviewed,,N,migrated from CSV07 2026-07-18; pending curation
https://www.alanranger.com/photographic-workshops-near-me/bluebell-photography-photo-workshop-warwickshire-01,Bluebell Photography,legacy_unreviewed,,N,migrated from CSV07 2026-07-18; pending curation
https://www.alanranger.com/photographic-workshops-near-me/bluebell-photography-photo-workshop-warwickshire-17,Bluebell Photography,legacy_unreviewed,,N,migrated from CSV07 2026-07-18; pending curation
https://www.alanranger.com/photographic-workshops-near-me/bluebell-photography-photo-workshop-warwickshire-18,Bluebell Photography,legacy_unreviewed,,N,migrated from CSV07 2026-07-18; pending curation
https://www.alanranger.com/photographic-workshops-near-me/bluebell-photography-photo-workshop-warwickshire-19,Bluebell Photography,legacy_unreviewed,,N,migrated from CSV07 2026-07-18; pending curation
https://www.alanranger.com/photographic-workshops-near-me/bluebell-photography-photo-workshop-warwickshire-20,Bluebell Photography,legacy_unreviewed,,N,migrated from CSV07 2026-07-18; pending curation
https://www.alanranger.com/photographic-workshops-near-me/bluebell-photography-photo-workshop-warwickshire-21,Bluebell Photography,legacy_unreviewed,,N,migrated from CSV07 2026-07-18; pending curation
https://www.alanranger.com/photographic-workshops-near-me/bluebell-photography-photo-workshop-warwickshire-22,Bluebell Photography,legacy_unreviewed,,N,migrated from CSV07 2026-07-18; pending curation
https://www.alanranger.com/photographic-workshops-near-me/bluebell-photography-photo-workshop-warwickshire-23,Bluebell Photography,legacy_unreviewed,,N,migrated from CSV07 2026-07-18; pending curation
https://www.alanranger.com/photographic-workshops-near-me/bluebell-photography-photo-workshop-warwickshire-24,Bluebell Photography,legacy_unreviewed,,N,migrated from CSV07 2026-07-18; pending curation
https://www.alanranger.com/photographic-workshops-near-me/bluebell-photography-photo-workshop-warwickshire-25,Bluebell Photography,legacy_unreviewed,,N,migrated from CSV07 2026-07-18; pending curation
https://www.alanranger.com/photographic-workshops-near-me/bluebell-photography-photo-workshop-warwickshire-29,Bluebell Photography,legacy_unreviewed,,N,migrated from CSV07 2026-07-18; pending curation
https://www.alanranger.com/photographic-workshops-near-me/bluebell-photography-photo-workshop-warwickshire-30,Bluebell Photography,legacy_unreviewed,,N,migrated from CSV07 2026-07-18; pending curation
https://www.alanranger.com/photographic-workshops-near-me/dartmoor-photography-workshop-woodlands,Dartmoor Photography Workshop,legacy_unreviewed,,N,migrated from CSV07 2026-07-18; pending curation
https://www.alanranger.com/photographic-workshops-near-me/dingle-kerry-ireland-photography-workshop,Ireland Photography Workshop,legacy_unreviewed,,N,migrated from CSV07 2026-07-18; pending curation
https://www.alanranger.com/photographic-workshops-near-me/dorset-photography-workshop,Dorset Photography,legacy_unreviewed,,N,migrated from CSV07 2026-07-18; pending curation
https://www.alanranger.com/photographic-workshops-near-me/exmoor-photography-workshops-seascapes-lynmouth,Exmoor Photography Workshop,legacy_unreviewed,,N,migrated from CSV07 2026-07-18; pending curation
https://www.alanranger.com/photographic-workshops-near-me/fairy-glen-betws-y-coed-photography,Fairy Glen,legacy_unreviewed,,N,migrated from CSV07 2026-07-18; pending curation
https://www.alanranger.com/photographic-workshops-near-me/fairy-glen-photography-betws-y-coed,fairy glen,legacy_unreviewed,,N,migrated from CSV07 2026-07-18; pending curation
https://www.alanranger.com/photographic-workshops-near-me/fairy-glen-photography-wales,fairy glen,legacy_unreviewed,,N,migrated from CSV07 2026-07-18; pending curation
https://www.alanranger.com/photographic-workshops-near-me/garden-photography-workshop,Garden Photography,legacy_unreviewed,,N,migrated from CSV07 2026-07-18; pending curation
https://www.alanranger.com/photographic-workshops-near-me/garden-photography-workshop-mxyms,Garden Photography,legacy_unreviewed,,N,migrated from CSV07 2026-07-18; pending curation
https://www.alanranger.com/photographic-workshops-near-me/hartland-quay-devon-seascapes-ynfcl,Hartland Quay,legacy_unreviewed,,N,migrated from CSV07 2026-07-18; pending curation
https://www.alanranger.com/photographic-workshops-near-me/hartland-quay-photography-devon-seascapes,Hartland Quay,legacy_unreviewed,,N,migrated from CSV07 2026-07-18; pending curation
https://www.alanranger.com/photographic-workshops-near-me/lake-district-photography-workshop-autumn,Lake District Photography,legacy_unreviewed,,N,migrated from CSV07 2026-07-18; pending curation
https://www.alanranger.com/photographic-workshops-near-me/lake-district-photography-workshop-late-summer,Lake District Photography,legacy_unreviewed,,N,migrated from CSV07 2026-07-18; pending curation
https://www.alanranger.com/photographic-workshops-near-me/lake-district-photography-workshop-spring,Lake District Photography,legacy_unreviewed,,N,migrated from CSV07 2026-07-18; pending curation
https://www.alanranger.com/photographic-workshops-near-me/lake-district-photography-workshop-winter,Lake District Photography,legacy_unreviewed,,N,migrated from CSV07 2026-07-18; pending curation
https://www.alanranger.com/photographic-workshops-near-me/landscape-photography-snowdonia-workshop,Landscape Photography Snowdonia,legacy_unreviewed,,N,migrated from CSV07 2026-07-18; pending curation
https://www.alanranger.com/photographic-workshops-near-me/landscape-photography-wales-gower-peninsular,Landscape Photography Wales,legacy_unreviewed,,N,migrated from CSV07 2026-07-18; pending curation
https://www.alanranger.com/photographic-workshops-near-me/landscape-photography-workshops-yorkshire,Landscape Photography Workshop,legacy_unreviewed,national-money,Y,migrated from CSV07 2026-07-18; pending curation
https://www.alanranger.com/photographic-workshops-near-me/landscape-photography-workshops-yorkshire-coast,Landscape Photography Workshop,legacy_unreviewed,national-money,Y,migrated from CSV07 2026-07-18; pending curation
https://www.alanranger.com/photographic-workshops-near-me/lavender-photography-workshop-sunset,Lavender Photography,legacy_unreviewed,,N,migrated from CSV07 2026-07-18; pending curation
https://www.alanranger.com/photographic-workshops-near-me/lavender-photography-workshop-sunset-19,lavender photography,legacy_unreviewed,,N,migrated from CSV07 2026-07-18; pending curation
https://www.alanranger.com/photographic-workshops-near-me/long-exposure-photo-workshop-sunset-kenilworth,Long Exposure,legacy_unreviewed,,N,migrated from CSV07 2026-07-18; pending curation
https://www.alanranger.com/photographic-workshops-near-me/long-exposure-photography-burnham-on-sea,Long Exposure Photography,legacy_unreviewed,,N,migrated from CSV07 2026-07-18; pending curation
https://www.alanranger.com/photographic-workshops-near-me/long-exposure-photography-workshop-kenilworth1,Long Exposure Photography,legacy_unreviewed,,N,migrated from CSV07 2026-07-18; pending curation
https://www.alanranger.com/photographic-workshops-near-me/long-exposure-photography-workshop-kenilworth2,Long Exposure Photography Workshop,legacy_unreviewed,,N,migrated from CSV07 2026-07-18; pending curation
https://www.alanranger.com/photographic-workshops-near-me/long-exposure-photography-workshop-kenilworth4,Long Exposure Photography Workshop,legacy_unreviewed,,N,migrated from CSV07 2026-07-18; pending curation
https://www.alanranger.com/photographic-workshops-near-me/nant-mill-woodlands,Nant Mill,legacy_unreviewed,,N,migrated from CSV07 2026-07-18; pending curation
https://www.alanranger.com/photographic-workshops-near-me/norfolk-photography-workshop,Norfolk Photography Workshop,legacy_unreviewed,,N,migrated from CSV07 2026-07-18; pending curation
https://www.alanranger.com/photographic-workshops-near-me/northumberland-landscape-photography-workshop,Northumberland Landscape Photography,legacy_unreviewed,,N,migrated from CSV07 2026-07-18; pending curation
https://www.alanranger.com/photographic-workshops-near-me/peak-district-photography-workshops-autumn,Peak District Photography,legacy_unreviewed,,N,migrated from CSV07 2026-07-18; pending curation
https://www.alanranger.com/photographic-workshops-near-me/peak-district-photography-workshops-autumn-2,Peak District Photography,legacy_unreviewed,,N,migrated from CSV07 2026-07-18; pending curation
https://www.alanranger.com/photographic-workshops-near-me/peak-district-photography-workshops-heathers-sunrise,Peak District Photography,legacy_unreviewed,,N,migrated from CSV07 2026-07-18; pending curation
https://www.alanranger.com/photographic-workshops-near-me/peak-district-photography-workshops-heathers-sunset,Peak District Photography,legacy_unreviewed,,N,migrated from CSV07 2026-07-18; pending curation
https://www.alanranger.com/photographic-workshops-near-me/peak-district-photography-workshops-spring,Peak District Photography,legacy_unreviewed,,N,migrated from CSV07 2026-07-18; pending curation
https://www.alanranger.com/photographic-workshops-near-me/peak-district-photography-workshops-sunrise-heathers,Peak District Photography,legacy_unreviewed,,N,migrated from CSV07 2026-07-18; pending curation
https://www.alanranger.com/photographic-workshops-near-me/peak-district-photography-workshops-winter,Peak District Photography,legacy_unreviewed,,N,migrated from CSV07 2026-07-18; pending curation
https://www.alanranger.com/photographic-workshops-near-me/poppy-fields-photography-workshop-sunrise,Poppy Fields Photography,legacy_unreviewed,,N,migrated from CSV07 2026-07-18; pending curation
https://www.alanranger.com/photographic-workshops-near-me/poppy-fields-photography-workshop-sunset,Poppy Fields Photography,legacy_unreviewed,,N,migrated from CSV07 2026-07-18; pending curation
https://www.alanranger.com/photographic-workshops-near-me/secrets-of-woodland-photography-masterclass-autumn,Woodland Photography,legacy_unreviewed,,N,migrated from CSV07 2026-07-18; pending curation
https://www.alanranger.com/photographic-workshops-near-me/secrets-of-woodland-photography-masterclass-spring,Woodland Photography,legacy_unreviewed,,N,migrated from CSV07 2026-07-18; pending curation
https://www.alanranger.com/photographic-workshops-near-me/secrets-of-woodland-photography-masterclass-summer,Woodland Photography,legacy_unreviewed,,N,migrated from CSV07 2026-07-18; pending curation
https://www.alanranger.com/photographic-workshops-near-me/secrets-of-woodland-photography-masterclass-winter,Woodland Photography,legacy_unreviewed,,N,migrated from CSV07 2026-07-18; pending curation
https://www.alanranger.com/photographic-workshops-near-me/sezincote-garden-photography-workshop,garden photography,legacy_unreviewed,,N,migrated from CSV07 2026-07-18; pending curation
https://www.alanranger.com/photographic-workshops-near-me/somerset-photography-workshop,Somerset Photography,legacy_unreviewed,,N,migrated from CSV07 2026-07-18; pending curation
https://www.alanranger.com/photographic-workshops-near-me/suffolk-landscape-photography-workshop,Suffolk Landscape Photography,legacy_unreviewed,,N,migrated from CSV07 2026-07-18; pending curation
https://www.alanranger.com/photographic-workshops-near-me/sunset-chesterton-windmill-photography-workshop,Chesterton Windmill,legacy_unreviewed,,N,migrated from CSV07 2026-07-18; pending curation
https://www.alanranger.com/photographic-workshops-near-me/sunset-chesterton-windmill-spring,Chesterton Windmill,legacy_unreviewed,,N,migrated from CSV07 2026-07-18; pending curation
https://www.alanranger.com/photographic-workshops-near-me/sunset-chesterton-windmill-spring-7gw7j,Chesterton Windmill,legacy_unreviewed,,N,migrated from CSV07 2026-07-18; pending curation
https://www.alanranger.com/photographic-workshops-near-me/sunset-chesterton-windmill-spring-7gw7j-9akd5,Chesterton Windmill,legacy_unreviewed,,N,migrated from CSV07 2026-07-18; pending curation
https://www.alanranger.com/photographic-workshops-near-me/urban-architecture-photography-workshop-coventry,Urban Architecture Photography,legacy_unreviewed,,N,migrated from CSV07 2026-07-18; pending curation
https://www.alanranger.com/photographic-workshops-near-me/wales-photography-workshop-vyrnwy-pistyll-rhaeadr,Wales Photography Workshop,legacy_unreviewed,,N,migrated from CSV07 2026-07-18; pending curation
https://www.alanranger.com/photographic-workshops-near-me/woodland-photography-walk-coventry-cv4,Woodland Photography Walk,legacy_unreviewed,,N,migrated from CSV07 2026-07-18; pending curation
https://www.alanranger.com/photographic-workshops-near-me/woodland-photography-walk-coventry-piles-coppice,Woodland Photography Walk,legacy_unreviewed,,N,migrated from CSV07 2026-07-18; pending curation
https://www.alanranger.com/photographic-workshops-near-me/woodland-photography-walk-coventry-tile-hill,Woodland Photograph,legacy_unreviewed,,N,migrated from CSV07 2026-07-18; pending curation
https://www.alanranger.com/photographic-workshops-near-me/woodland-photography-walk-hay-woods,Woodland Photography Walk,legacy_unreviewed,,N,migrated from CSV07 2026-07-18; pending curation
https://www.alanranger.com/photographic-workshops-near-me/woodland-photography-walk-kenilworth-crackley-woods,Woodland Photography Walk,legacy_unreviewed,,N,migrated from CSV07 2026-07-18; pending curation
https://www.alanranger.com/photographic-workshops-near-me/woodland-photography-walk-leamington-oakley-wood,Woodland Photography Walk,legacy_unreviewed,,N,migrated from CSV07 2026-07-18; pending curation
https://www.alanranger.com/photographic-workshops-near-me/woodland-photography-walk-meriden-millisons-wood,Woodland Photography Walk,legacy_unreviewed,,N,migrated from CSV07 2026-07-18; pending curation
https://www.alanranger.com/photographic-workshops-near-me/woodland-photography-walk-solihull-hay-woods,Woodland Photography Walk,legacy_unreviewed,,N,migrated from CSV07 2026-07-18; pending curation
https://www.alanranger.com/photographic-workshops-near-me/yorkshire-dales-photography-workshop,Yorkshire Dales Photography,legacy_unreviewed,,N,migrated from CSV07 2026-07-18; pending curation
https://www.alanranger.com/photography-equipment-recommendations,photography equipment,legacy_unreviewed,,N,migrated from CSV07 2026-07-18; pending curation
https://www.alanranger.com/photography-news-blog,photography news,legacy_unreviewed,,N,migrated from CSV07 2026-07-18; pending curation
https://www.alanranger.com/photography-presents-for-photographers,photography present,legacy_unreviewed,,N,migrated from CSV07 2026-07-18; pending curation
https://www.alanranger.com/photography-services-near-me,photography services,legacy_unreviewed,,N,migrated from CSV07 2026-07-18; pending curation
https://www.alanranger.com/photography-services-near-me/annual-pick-n-mix-subscription,Pick N Mix,legacy_unreviewed,,N,migrated from CSV07 2026-07-18; pending curation
https://www.alanranger.com/photography-services-near-me/beginners-photography-course,Beginners Photography Course,legacy_unreviewed,local-money,Y,migrated from CSV07 2026-07-18; pending curation
https://www.alanranger.com/photography-services-near-me/beginners-portrait-photography-course,Portrait Photography Course,legacy_unreviewed,local-money,Y,migrated from CSV07 2026-07-18; pending curation
https://www.alanranger.com/photography-services-near-me/black-and-white-photography-course,Black and White Photography Course,legacy_unreviewed,,N,migrated from CSV07 2026-07-18; pending curation
https://www.alanranger.com/photography-services-near-me/camera-sensor-clean,Camera Sensor Clean,legacy_unreviewed,,N,migrated from CSV07 2026-07-18; pending curation
https://www.alanranger.com/photography-services-near-me/camera-settings-photography-field-checklists,Photography Field Checklists,legacy_unreviewed,,N,migrated from CSV07 2026-07-18; pending curation
https://www.alanranger.com/photography-services-near-me/composition-settings-photography-field-checklists,Photography Field Checklists,legacy_unreviewed,,N,migrated from CSV07 2026-07-18; pending curation
https://www.alanranger.com/photography-services-near-me/fine-art-photography-prints-canvas,Fine Art Photography Prints,legacy_unreviewed,,N,migrated from CSV07 2026-07-18; pending curation
https://www.alanranger.com/photography-services-near-me/fine-art-photography-prints-unframed,Photography Prints,legacy_unreviewed,,N,migrated from CSV07 2026-07-18; pending curation
https://www.alanranger.com/photography-services-near-me/foundation-digital-pack-plus,Foundation Digital Pack,legacy_unreviewed,,N,migrated from CSV07 2026-07-18; pending curation
https://www.alanranger.com/photography-services-near-me/four-private-photography-classes,Private Photography Classes,legacy_unreviewed,,N,migrated from CSV07 2026-07-18; pending curation
https://www.alanranger.com/photography-services-near-me/framed-fine-art-photography-prints,Fine Art Photography Prints,legacy_unreviewed,,N,migrated from CSV07 2026-07-18; pending curation
https://www.alanranger.com/photography-services-near-me/intermediates-intentions-photography-project-course,Photography Project,legacy_unreviewed,,N,migrated from CSV07 2026-07-18; pending curation
https://www.alanranger.com/photography-services-near-me/lightroom-courses-for-beginners-coventry,Lightroom Courses,legacy_unreviewed,local-money,Y,migrated from CSV07 2026-07-18; pending curation
https://www.alanranger.com/photography-services-near-me/monthly-online-photography-mentoring,Photography Mentoring,legacy_unreviewed,national-money,Y,migrated from CSV07 2026-07-18; pending curation
https://www.alanranger.com/photography-services-near-me/monthly-pick-n-mix-subscription,Pick N Mix,legacy_unreviewed,,N,migrated from CSV07 2026-07-18; pending curation
https://www.alanranger.com/photography-services-near-me/photo-print-preparation-service-30min,Photo Print Preparation Service,legacy_unreviewed,,N,migrated from CSV07 2026-07-18; pending curation
https://www.alanranger.com/photography-services-near-me/photography-35bundle-photography-field-checklists,Photography Field Checklists,legacy_unreviewed,,N,migrated from CSV07 2026-07-18; pending curation
https://www.alanranger.com/photography-services-near-me/photography-foundation-course-ebook,Photography Foundation Course eBook,legacy_unreviewed,,N,migrated from CSV07 2026-07-18; pending curation
https://www.alanranger.com/photography-services-near-me/photography-gift-vouchers,Photography Gift Vouchers,legacy_unreviewed,national-money,Y,migrated from CSV07 2026-07-18; pending curation
https://www.alanranger.com/photography-services-near-me/private-online-photography-classes-zoom,online photography classes,legacy_unreviewed,national-money,Y,migrated from CSV07 2026-07-18; pending curation
https://www.alanranger.com/photography-services-near-me/quarterly-pick-n-mix-subscription,Pick N Mix,legacy_unreviewed,,N,migrated from CSV07 2026-07-18; pending curation
https://www.alanranger.com/photography-services-near-me/rps-mentoring-photography-course,RPS Mentoring,legacy_unreviewed,,N,migrated from CSV07 2026-07-18; pending curation
https://www.alanranger.com/photography-shop-services,Photography Shop,legacy_unreviewed,,N,migrated from CSV07 2026-07-18; pending curation
https://www.alanranger.com/testimonials-customer-reviews,customer reviews,legacy_unreviewed,,N,migrated from CSV07 2026-07-18; pending curation
https://www.alanranger.com/which-photography-style-is-right-for-you,Which photography style is right for you,legacy_unreviewed,,N,migrated from CSV07 2026-07-18; pending curation
